Cluster.number,Cluster.ID,LS,LE,RS,RE,Gap,Pos.1.in.alignemnt,Pos.2.in.alignment,Score,E.value,Substitutions,Power,Position.1.in.non-aligned.sequence,Nucleotide.1.in.non-aligned.sequence,Position.2.in non-aligned.sequence,Nucleotide.2.in.non-aligned.sequence,Per.cent.base.pairing.nt.combination,Position.nt.pair.composition
1007,75:binShort:1_left_left,16905,16946,16937,16989,-9,4,73,1979.69931,8.62529e-05,20,0.2,16908,T,16977,T,5.6,T--T (94.2);  C--G (5.6);  C--T (0.2)
1007,75:binShort:1_left_left,16905,16946,16937,16989,-9,22,35,1764.75158,0.0220938,23,0.24,16926,T,16939,T,0,T--T (94.45);  C--C (5.38);  T--C (0.11);  C--T (0.06)
101,18:binShort:4_left_left,28919,29015,28973,29087,-42,154,155,2873.80677,0.0359637,31,0.32,29072,G,29073,C,94.17,G--C (94.14);  C--A (5.72);  T--C (0.11);  G--T (0.03)
1010,238:binShort:2_left_left,19784,19821,19812,19874,-9,44,74,1570.88141,0.0314503,21,0.21,19827,G,19857,T,94.25,G--T (94.2);  T--C (5.66);  A--T (0.06);  C--T (0.06);  C--C (0.03)
1041,396:binShort:4_left_left,9900,9950,9942,10003,-8,89,92,1834.45654,0.00793803,22,0.23,9988,C,9991,T,0,C--T (94.94);  T--C (5.04);  C--C (0.03)
1065,203:binShort:2_left_left,16803,16854,16846,16880,-8,68,76,1750.13195,0.0145761,14,0.13,16870,C,16878,A,5.8,C--A (94.2);  A--T (5.8)
1066,340:binShort:3_left_left,22112,22162,22154,22214,-8,85,86,3096.25809,0.00859875,39,0.4,22184,A,22185,C,0,A--C (95.02);  C--A (4.61);  G--A (0.23);  T--C (0.11);  C--- (0.03)
1078,730_left,28297,28351,28344,28413,-7,9,25,2791.91032,0.0247365,17,0.17,28305,A,28321,G,0.03,A--G (94.05);  G--A (5.83);  A--A (0.09);  A--T (0.03)
1079,327:binShort:4_left_left,19820,19883,19876,19925,-7,11,104,1924.35929,0.00573339,14,0.13,19830,A,19923,T,99.94,A--T (94.22);  G--C (5.72);  A--C (0.06)
1079,327:binShort:4_left_left,19820,19883,19876,19925,-7,8,38,1892.04837,0.00845588,17,0.17,19827,G,19857,T,94.25,G--T (94.2);  T--C (5.66);  A--T (0.06);  C--T (0.06);  C--C (0.03)
1079,327:binShort:4_left_left,19820,19883,19876,19925,-7,8,104,1805.5493,0.0245649,18,0.18,19827,G,19923,T,94.2,G--T (94.2);  T--C (5.66);  A--C (0.06);  C--C (0.06);  C--T (0.03)
1107,412:binShort:4_left_left,28500,28531,28524,28587,-7,8,54,1715.68152,0.00462358,10,0.08,28507,C,28553,A,5.86,C--A (94.14);  T--G (5.86)
1119,466:binShort:3_left_left,9959,10012,10005,10048,-7,30,33,1759.19768,0.0262774,24,0.25,9988,C,9991,T,0,C--T (94.94);  T--C (5.04);  C--C (0.03)
1128,703_left,28027,28052,28046,28122,-6,72,83,3082.80611,0.0431387,34,0.35,28092,T,28103,C,0,T--C (98.8);  C--A (0.86);  A--G (0.14);  T--T (0.11);  A--A (0.06);  ---- (0.03)
1141,543:binShort:1_left_left,28992,29044,29038,29106,-6,81,82,2818.44503,0.00284549,25,0.26,29072,G,29073,C,94.17,G--C (94.14);  C--A (5.72);  T--C (0.11);  G--T (0.03)
1155,615:binShort:2_left_left,19792,19831,19825,19875,-6,36,66,1670.9529,0.00364654,21,0.21,19827,G,19857,T,94.25,G--T (94.2);  T--C (5.66);  A--T (0.06);  C--T (0.06);  C--C (0.03)
1155,615:binShort:2_left_left,19792,19831,19825,19875,-6,27,66,1547.83947,0.0299997,23,0.24,19818,A,19857,T,99.8,A--T (94.05);  G--C (5.69);  T--T (0.17);  G--T (0.06);  C--T (0.03)
1155,615:binShort:2_left_left,19792,19831,19825,19875,-6,27,36,1547.33721,0.0299997,30,0.31,19818,A,19827,G,5.86,A--G (94.03);  G--T (5.66);  T--G (0.11);  G--G (0.06);  T--A (0.06);  A--C (0.03);  C--C (0.03);  G--C (0.03)
1157,618:binShort:3_left_left,28327,28410,28404,28447,-6,109,121,2922.86025,0.0102342,12,0.11,28435,C,28447,A,0,C--A (94.28);  A--G (5.72)
1172,744:binShort:2_left_left,20929,20989,20983,21033,-6,39,48,2189.2575,0.0477745,11,0.09,20967,T,20976,T,0,T--T (94.22);  C--C (5.66);  T--C (0.11)
1181,339:binShort:4_left_left,28658,28693,28688,28746,-5,70,71,2507.44901,0.00428145,15,0.14,28727,G,28728,C,94.05,G--C (94.05);  A--A (5.86);  T--C (0.09)
1182,832:binShort:2_left_left,152,240,235,279,-5,80,82,792.73442,0.000173515,11,0.09,230,C,232,T,0,C--T (94.17);  T--C (5.8);  C--C (0.03)
1182,832:binShort:2_left_left,152,240,235,279,-5,38,67,658.76456,0.030075,8,0.05,189,G,217,C,100,G--C (94.35);  A--T (5.65)
1193,920:binShort:1_left_left,16165,16202,16197,16255,-5,16,69,1567.19951,0.040138,19,0.19,16180,A,16233,A,5.15,A--A (94.71);  C--G (5.15);  A--G (0.09);  C--A (0.06)
1202,941:binShort:2_left_left,19775,19808,19804,19877,-4,53,83,1575.26744,0.0165114,19,0.19,19827,G,19857,T,94.25,G--T (94.2);  T--C (5.66);  A--T (0.06);  C--T (0.06);  C--C (0.03)
1208,663:binShort:2_left_left,10688,10760,10756,10805,-4,24,33,1921.13122,0.0130292,28,0.29,10711,T,10720,A,100,T--A (99.17);  C--G (0.83)
1218,481_left,28623,28701,28698,28774,-3,105,106,2458.92318,0.0180428,15,0.14,28727,G,28728,C,94.05,G--C (94.05);  A--A (5.86);  T--C (0.09)
1242,244_left,26201,26243,26242,26318,-1,29,31,1417.74091,0.031366,6,0.03,26229,T,26231,A,94.34,T--A (94.34);  A--G (5.66)
1242,244_left,26201,26243,26242,26318,-1,30,31,1417.74091,0.031366,6,0.03,26230,G,26231,A,0,G--A (94.34);  A--G (5.66)
1242,244_left,26201,26243,26242,26318,-1,29,30,1417.74091,0.031366,6,0.03,26229,T,26230,G,94.34,T--G (94.34);  A--A (5.66)
1262,494:binLong:34_left_left,15156,15205,15206,15259,1,4,16,2208.59149,0.000581723,18,0.18,15159,A,15171,A,0,A--A (94.2);  G--G (5.75);  G--A (0.06)
1275,52:binLong:25_left_left,29710,29754,29758,29793,4,47,58,2230.98251,0.0256476,16,0.16,29758,T,29769,C,5.74,T--C (93.72);  G--T (5.74);  ---C (0.2);  T--T (0.17);  T--- (0.14);  C--C (0.03)
1299,408_left,28645,28701,28709,28767,8,76,77,2476.33237,0.00591944,15,0.14,28727,G,28728,C,94.05,G--C (94.05);  A--A (5.86);  T--C (0.09)
1300,921_left,16442,16484,16492,16569,8,82,88,1699.83214,0.00348139,18,0.18,16530,T,16536,C,5.72,T--C (94.25);  A--T (5.23);  G--T (0.48);  C--T (0.03)
1334,140:binLong:21_left_left,27380,27435,27447,27502,12,568,595,2734.27457,0.0364259,17,0.17,27415,G,27453,C,100,G--C (94.34);  A--T (5.63);  G--T (0.03)
1375,86:binLong:9_left_left,7684,7755,7771,7824,16,116,118,2301.4781,0.000215649,24,0.25,7814,T,7816,T,4.3,T--T (94.28);  C--G (4.3);  C--A (1.37);  C--T (0.06)
1375,86:binLong:9_left_left,7684,7755,7771,7824,16,49,67,2292.72422,0.000253996,19,0.19,7732,C,7750,A,0.14,C--A (94.05);  T--T (5.75);  T--A (0.14);  T--C (0.06)
1375,86:binLong:9_left_left,7684,7755,7771,7824,16,25,88,1998.88106,0.0479944,30,0.31,7708,A,7786,A,5.83,A--A (94.08);  C--G (4.55);  T--G (1.28);  A--G (0.06);  C--A (0.03)
1379,1231:binLong:4_left_left,2939,2961,2977,3014,16,1,2,1964.99061,0.0198348,23,0.24,2939,C,2940,C,0,C--C (94.54);  A--A (5.23);  C--T (0.11);  G--A (0.06);  T--C (0.06)
1380,328_left,21746,21767,21784,21847,17,57,58,2793.73184,0.0116732,32,0.33,21815,C,21816,C,0,C--C (99.02);  G--A (0.72);  A--A (0.27)
1404,86_left,26199,26252,26271,26336,19,31,33,1462.33834,0.00634097,6,0.03,26229,T,26231,A,94.34,T--A (94.34);  A--G (5.66)
1404,86_left,26199,26252,26271,26336,19,32,33,1462.33834,0.00634097,6,0.03,26230,G,26231,A,0,G--A (94.34);  A--G (5.66)
1404,86_left,26199,26252,26271,26336,19,31,32,1462.33834,0.00634097,6,0.03,26229,T,26230,G,94.34,T--G (94.34);  A--A (5.66)
1418,343_left,4155,4198,4218,4286,20,11,62,2631.26517,0.0336584,11,0.09,4165,T,4235,A,94.22,T--A (94.22);  A--G (5.66);  C--C (0.11)
1435,115_left,6109,6178,6200,6270,22,58,133,1926.46376,0.017969,12,0.11,6166,G,6262,T,94.14,G--T (94.11);  A--C (5.86);  G--C (0.03)
1455,28:binLong:9_left_left,724,764,788,863,24,12,14,2038.88427,0.0376826,7,0.04,735,T,737,C,0,T--C (94.28);  A--G (5.69);  A--C (0.03)
147,243:binShort:2_left_left,4151,4219,4183,4240,-36,15,85,2693.86079,0.0392569,10,0.08,4165,T,4235,A,94.22,T--A (94.22);  A--G (5.66);  C--C (0.11)
149,14:binShort:4_left_left,4158,4222,4186,4247,-36,8,78,2980.19765,0.00785982,10,0.08,4165,T,4235,A,94.22,T--A (94.22);  A--G (5.66);  C--C (0.11)
1492,19_left,26197,26262,26290,26350,28,33,35,1683.25767,0.000826379,6,0.03,26229,T,26231,A,94.34,T--A (94.34);  A--G (5.66)
1492,19_left,26197,26262,26290,26350,28,34,35,1683.25767,0.000826379,6,0.03,26230,G,26231,A,0,G--A (94.34);  A--G (5.66)
1492,19_left,26197,26262,26290,26350,28,33,34,1683.25767,0.000826379,6,0.03,26229,T,26230,G,94.34,T--G (94.34);  A--A (5.66)
1493,76_left,28444,28564,28592,28677,28,37,52,2125.48232,0.015315,12,0.11,28480,A,28495,T,94.31,A--T (94.25);  C--C (5.63);  G--C (0.03);  G--T (0.03);  T--C (0.03);  T--T (0.03)
1493,76_left,28444,28564,28592,28677,28,37,161,2096.29147,0.0212261,12,0.11,28480,A,28631,G,0.03,A--G (94.22);  C--T (5.63);  G--G (0.06);  A--A (0.03);  T--G (0.03);  T--T (0.03)
1493,76_left,28444,28564,28592,28677,28,4,40,2077.15821,0.0278573,13,0.12,28447,A,28483,A,0,A--A (94.28);  G--G (5.63);  G--A (0.09)
1493,76_left,28444,28564,28592,28677,28,52,161,2033.13452,0.047961,8,0.05,28495,T,28631,G,94.34,T--G (94.28);  C--T (5.66);  C--G (0.03);  T--A (0.03)
1502,182:binLong:36_left_left,2812,2869,2897,2966,28,101,102,2266.68995,0.0178967,25,0.26,2939,C,2940,C,0,C--C (94.54);  A--A (5.23);  C--T (0.11);  G--A (0.06);  T--C (0.06)
151,407:binShort:1_left_left,19795,19864,19829,19896,-35,33,63,1896.68188,0.0169621,19,0.19,19827,G,19857,T,94.25,G--T (94.2);  T--C (5.66);  A--T (0.06);  C--T (0.06);  C--C (0.03)
151,407:binShort:1_left_left,19795,19864,19829,19896,-35,24,33,1898.77991,0.0169621,28,0.29,19818,A,19827,G,5.86,A--G (94.03);  G--T (5.66);  T--G (0.11);  G--G (0.06);  T--A (0.06);  A--C (0.03);  C--C (0.03);  G--C (0.03)
151,407:binShort:1_left_left,19795,19864,19829,19896,-35,24,63,1864.41126,0.0231773,23,0.24,19818,A,19857,T,99.8,A--T (94.05);  G--C (5.69);  T--T (0.17);  G--T (0.06);  C--T (0.03)
1510,61:binLong:20_left_left,28467,28560,28589,28704,29,14,29,2201.17535,0.0114905,12,0.11,28480,A,28495,T,94.31,A--T (94.25);  C--C (5.63);  G--C (0.03);  G--T (0.03);  T--C (0.03);  T--T (0.03)
1510,61:binLong:20_left_left,28467,28560,28589,28704,29,14,137,2179.22409,0.016123,12,0.11,28480,A,28631,G,0.03,A--G (94.22);  C--T (5.63);  G--G (0.06);  A--A (0.03);  T--G (0.03);  T--T (0.03)
1536,883_left,4454,4526,4558,4644,32,63,119,2499.69225,0.0114199,21,0.21,4516,T,4603,T,0,T--T (94.59);  C--C (5.35);  T--C (0.06)
1543,1152_left,2806,2861,2893,2945,32,103,104,2165.45728,0.0355459,25,0.26,2939,C,2940,C,0,C--C (94.54);  A--A (5.23);  C--T (0.11);  G--A (0.06);  T--C (0.06)
1558,243:binLong:11_left_left,28322,28372,28405,28464,33,82,94,2808.37524,0.0108768,12,0.11,28435,C,28447,A,0,C--A (94.28);  A--G (5.72)
1558,243:binLong:11_left_left,28322,28372,28405,28464,33,26,29,2762.90837,0.0180005,13,0.12,28347,G,28350,G,0.03,G--G (94.05);  A--A (5.92);  T--G (0.03)
1568,34:binLong:58_left_left,16754,16795,16829,16872,34,80,84,1748.01448,0.00173676,21,0.21,16866,T,16870,C,0,T--C (94.14);  G--A (5.69);  A--A (0.11);  A--C (0.03);  C--C (0.03)
1591,410_left,27218,27261,27298,27348,37,50,76,2605.87039,0.00439986,10,0.08,27303,C,27328,T,0,C--T (94.05);  T--C (5.95)
1621,1224:binLong:16_left_left,723,775,816,857,41,13,15,1969.55464,0.000800255,10,0.08,735,T,737,C,0,T--C (94.28);  A--G (5.69);  A--C (0.03)
1621,1224:binLong:16_left_left,723,775,816,857,41,50,64,1791.23761,0.0259492,38,0.39,772,T,826,T,0.17,T--T (94.65);  A--C (4.92);  A--T (0.17);  C--C (0.11);  T--C (0.09);  C--T (0.06)
1628,430_left,4455,4519,4561,4643,42,62,108,2467.02762,0.013258,19,0.19,4516,T,4603,T,0,T--T (94.59);  C--C (5.35);  T--C (0.06)
1645,215_left,722,767,811,860,44,14,16,2002.77304,0.00741344,13,0.12,735,T,737,C,0,T--C (94.28);  A--G (5.69);  A--C (0.03)
1649,47_left,6106,6178,6223,6285,45,19,105,1951.09211,0.0103751,24,0.25,6124,A,6254,G,0.83,A--G (99.09);  T--A (0.8);  G--A (0.06);  A--A (0.03);  A--T (0.03)
165,99:binShort:2_left_left,19800,19869,19835,19895,-34,19,28,1864.13094,0.0043274,29,0.3,19818,A,19827,G,5.86,A--G (94.03);  G--T (5.66);  T--G (0.11);  G--G (0.06);  T--A (0.06);  A--C (0.03);  C--C (0.03);  G--C (0.03)
165,99:binShort:2_left_left,19800,19869,19835,19895,-34,28,58,1855.29824,0.00475636,21,0.21,19827,G,19857,T,94.25,G--T (94.2);  T--C (5.66);  A--T (0.06);  C--T (0.06);  C--C (0.03)
165,99:binShort:2_left_left,19800,19869,19835,19895,-34,19,58,1824.47502,0.00693685,22,0.23,19818,A,19857,T,99.8,A--T (94.05);  G--C (5.69);  T--T (0.17);  G--T (0.06);  C--T (0.03)
1670,1_left,4453,4528,4576,4656,48,64,104,2346.84014,0.0265146,22,0.23,4516,T,4603,T,0,T--T (94.59);  C--C (5.35);  T--C (0.06)
1672,384_left,9963,10030,10078,10145,48,26,29,1851.00073,0.0402097,24,0.25,9988,C,9991,T,0,C--T (94.94);  T--C (5.04);  C--C (0.03)
1684,737_left,28492,28551,28601,28664,50,4,91,1966.83534,0.0366994,8,0.05,28495,T,28631,G,94.34,T--G (94.28);  C--T (5.66);  C--G (0.03);  T--A (0.03)
1698,12:binLong:9_left_left,3729,3825,3877,3967,52,111,112,3281.24513,0.0420854,31,0.32,3890,G,3891,A,0.14,G--A (94.19);  A--C (5.01);  T--T (0.6);  A--T (0.09);  C--T (0.06);  G--C (0.06)
1707,1198_left,9971,10021,10074,10141,53,18,21,1781.51316,0.0388341,24,0.25,9988,C,9991,T,0,C--T (94.94);  T--C (5.04);  C--C (0.03)
1709,398_left,9965,10024,10078,10146,54,24,27,1861.36281,0.0360764,24,0.25,9988,C,9991,T,0,C--T (94.94);  T--C (5.04);  C--C (0.03)
1736,27:binLong:19_left_left,25446,25493,25551,25634,58,68,128,2626.79948,0.0192078,25,0.26,25570,T,25630,G,95.42,T--G (95.33);  A--A (4.58);  G--C (0.06);  T--A (0.03)
1740,198:binLong:28_left_left,4472,4525,4583,4645,58,45,75,2238.94816,0.0331076,20,0.2,4516,T,4603,T,0,T--T (94.59);  C--C (5.35);  T--C (0.06)
1768,1062_left,9962,10020,10083,10141,63,27,30,1840.86699,0.0424698,24,0.25,9988,C,9991,T,0,C--T (94.94);  T--C (5.04);  C--C (0.03)
1770,1057_left,9964,10024,10087,10167,63,25,28,1855.5065,0.00135204,22,0.23,9988,C,9991,T,0,C--T (94.94);  T--C (5.04);  C--C (0.03)
1785,56_left,6105,6170,6237,6292,67,20,84,2078.46739,0.000385123,24,0.25,6124,A,6254,G,0.83,A--G (99.09);  T--A (0.8);  G--A (0.06);  A--A (0.03);  A--T (0.03)
1796,344_left,28451,28527,28595,28699,68,30,45,2317.83053,0.00371745,12,0.11,28480,A,28495,T,94.31,A--T (94.25);  C--C (5.63);  G--C (0.03);  G--T (0.03);  T--C (0.03);  T--T (0.03)
1796,344_left,28451,28527,28595,28699,68,30,114,2293.90235,0.0054968,12,0.11,28480,A,28631,G,0.03,A--G (94.22);  C--T (5.63);  G--G (0.06);  A--A (0.03);  T--G (0.03);  T--T (0.03)
1796,344_left,28451,28527,28595,28699,68,45,114,2191.96033,0.0259088,8,0.05,28495,T,28631,G,94.34,T--G (94.28);  C--T (5.66);  C--G (0.03);  T--A (0.03)
1801,927:binLong:17_left_left,9962,10018,10087,10136,69,27,30,1900.35918,0.0221028,24,0.25,9988,C,9991,T,0,C--T (94.94);  T--C (5.04);  C--C (0.03)
181,320:binShort:2_left_left,2070,2128,2096,2156,-32,26,70,2858.44624,0.0445303,27,0.28,2095,G,2139,A,5.09,G--A (94.59);  T--G (5.06);  A--A (0.31);  T--A (0.03)
1828,578_left,3741,3807,3882,3963,75,76,77,3213.96564,0.0315592,32,0.33,3890,G,3891,A,0.14,G--A (94.19);  A--C (5.01);  T--T (0.6);  A--T (0.09);  C--T (0.06);  G--C (0.06)
1837,957_left,28467,28521,28598,28711,77,14,29,2300.34046,2.28901e-05,12,0.11,28480,A,28495,T,94.31,A--T (94.25);  C--C (5.63);  G--C (0.03);  G--T (0.03);  T--C (0.03);  T--T (0.03)
1837,957_left,28467,28521,28598,28711,77,14,89,2283.81481,3.98055e-05,12,0.11,28480,A,28631,G,0.03,A--G (94.22);  C--T (5.63);  G--G (0.06);  A--A (0.03);  T--G (0.03);  T--T (0.03)
1837,957_left,28467,28521,28598,28711,77,29,89,2198.20202,0.000872669,8,0.05,28495,T,28631,G,94.34,T--G (94.28);  C--T (5.66);  C--G (0.03);  T--A (0.03)
1859,540_left,28459,28527,28609,28712,82,22,37,2366.24075,0.00069525,12,0.11,28480,A,28495,T,94.31,A--T (94.25);  C--C (5.63);  G--C (0.03);  G--T (0.03);  T--C (0.03);  T--T (0.03)
1859,540_left,28459,28527,28609,28712,82,22,92,2346.14484,0.00127285,12,0.11,28480,A,28631,G,0.03,A--G (94.22);  C--T (5.63);  G--G (0.06);  A--A (0.03);  T--G (0.03);  T--T (0.03)
1859,540_left,28459,28527,28609,28712,82,37,92,2240.29584,0.0252241,8,0.05,28495,T,28631,G,94.34,T--G (94.28);  C--T (5.66);  C--G (0.03);  T--A (0.03)
1862,142:binLong:18_left_left,28461,28520,28603,28722,83,20,35,2361.02222,0.00128222,14,0.13,28480,A,28495,T,94.31,A--T (94.25);  C--C (5.63);  G--C (0.03);  G--T (0.03);  T--C (0.03);  T--T (0.03)
1862,142:binLong:18_left_left,28461,28520,28603,28722,83,20,89,2345.00898,0.00197677,14,0.13,28480,A,28631,G,0.03,A--G (94.22);  C--T (5.63);  G--G (0.06);  A--A (0.03);  T--G (0.03);  T--T (0.03)
1862,142:binLong:18_left_left,28461,28520,28603,28722,83,35,89,2251.65276,0.025517,8,0.05,28495,T,28631,G,94.34,T--G (94.28);  C--T (5.66);  C--G (0.03);  T--A (0.03)
1878,671_left,25445,25483,25569,25628,86,1,2,2775.07037,0.0471145,27,0.28,25445,G,25446,T,99.54,G--T (94.82);  T--A (4.24);  C--G (0.46);  G--A (0.4);  ---- (0.03);  C--C (0.03);  T--G (0.03)
1894,1142_left,28461,28523,28612,28722,89,20,35,2403.10873,0.0181456,12,0.11,28480,A,28495,T,94.31,A--T (94.25);  C--C (5.63);  G--C (0.03);  G--T (0.03);  T--C (0.03);  T--T (0.03)
1894,1142_left,28461,28523,28612,28722,89,20,83,2391.12461,0.0221082,12,0.11,28480,A,28631,G,0.03,A--G (94.22);  C--T (5.63);  G--G (0.06);  A--A (0.03);  T--G (0.03);  T--T (0.03)
19,234:binShort:1_left_left,10725,10831,10755,10845,-76,32,101,2159.68022,0.00679146,11,0.09,10756,T,10825,T,0.03,T--T (94.28);  A--A (5.58);  A--G (0.03);  C--T (0.03);  G--A (0.03);  T--A (0.03);  T--C (0.03)
1906,35:binLong:24_left_left,28460,28534,28625,28717,91,21,36,2459.06119,0.0142664,14,0.13,28480,A,28495,T,94.31,A--T (94.25);  C--C (5.63);  G--C (0.03);  G--T (0.03);  T--C (0.03);  T--T (0.03)
1906,35:binLong:24_left_left,28460,28534,28625,28717,91,21,82,2437.23254,0.0224186,14,0.13,28480,A,28631,G,0.03,A--G (94.22);  C--T (5.63);  G--G (0.06);  A--A (0.03);  T--G (0.03);  T--T (0.03)
1921,206:binLong:5_left_left,26709,26753,26845,26942,92,92,98,1654.14468,0.0180866,27,0.28,26891,A,26897,T,99.94,A--T (94.25);  T--G (4.98);  T--A (0.68);  T--T (0.06);  G--C (0.03)
1923,934_left,28459,28518,28611,28716,93,22,37,2398.37783,0.00084916,12,0.11,28480,A,28495,T,94.31,A--T (94.25);  C--C (5.63);  G--C (0.03);  G--T (0.03);  T--C (0.03);  T--T (0.03)
1923,934_left,28459,28518,28611,28716,93,22,81,2381.93457,0.00130269,12,0.11,28480,A,28631,G,0.03,A--G (94.22);  C--T (5.63);  G--G (0.06);  A--A (0.03);  T--G (0.03);  T--T (0.03)
1923,934_left,28459,28518,28611,28716,93,37,81,2280.54118,0.021477,8,0.05,28495,T,28631,G,94.34,T--G (94.28);  C--T (5.66);  C--G (0.03);  T--A (0.03)
1926,18:binLong:16_left_left,28468,28527,28621,28720,94,13,28,2361.96147,0.0181403,12,0.11,28480,A,28495,T,94.31,A--T (94.25);  C--C (5.63);  G--C (0.03);  G--T (0.03);  T--C (0.03);  T--T (0.03)
1926,18:binLong:16_left_left,28468,28527,28621,28720,94,13,71,2343.18034,0.0218271,12,0.11,28480,A,28631,G,0.03,A--G (94.22);  C--T (5.63);  G--G (0.06);  A--A (0.03);  T--G (0.03);  T--T (0.03)
1948,156_left,28455,28525,28625,28721,100,26,41,2443.51516,0.00414504,12,0.11,28480,A,28495,T,94.31,A--T (94.25);  C--C (5.63);  G--C (0.03);  G--T (0.03);  T--C (0.03);  T--T (0.03)
1948,156_left,28455,28525,28625,28721,100,26,78,2421.25112,0.00577922,12,0.11,28480,A,28631,G,0.03,A--G (94.22);  C--T (5.63);  G--G (0.06);  A--A (0.03);  T--G (0.03);  T--T (0.03)
1948,156_left,28455,28525,28625,28721,100,41,78,2311.15192,0.0263204,8,0.05,28495,T,28631,G,94.34,T--G (94.28);  C--T (5.66);  C--G (0.03);  T--A (0.03)
1957,79_left,28452,28523,28625,28718,102,29,44,2471.9726,0.0349408,12,0.11,28480,A,28495,T,94.31,A--T (94.25);  C--C (5.63);  G--C (0.03);  G--T (0.03);  T--C (0.03);  T--T (0.03)
1957,79_left,28452,28523,28625,28718,102,29,79,2450.17438,0.0446411,12,0.11,28480,A,28631,G,0.03,A--G (94.22);  C--T (5.63);  G--G (0.06);  A--A (0.03);  T--G (0.03);  T--T (0.03)
1975,711_left,28456,28519,28624,28718,105,25,40,2487.40539,0.00142648,12,0.11,28480,A,28495,T,94.31,A--T (94.25);  C--C (5.63);  G--C (0.03);  G--T (0.03);  T--C (0.03);  T--T (0.03)
1975,711_left,28456,28519,28624,28718,105,25,72,2465.31609,0.00205496,12,0.11,28480,A,28631,G,0.03,A--G (94.22);  C--T (5.63);  G--G (0.06);  A--A (0.03);  T--G (0.03);  T--T (0.03)
1975,711_left,28456,28519,28624,28718,105,40,72,2350.53506,0.0163059,8,0.05,28495,T,28631,G,94.34,T--G (94.28);  C--T (5.66);  C--G (0.03);  T--A (0.03)
201,498:binShort:2_left_left,633,710,680,737,-30,45,46,2154.60488,0.0304814,9,0.07,677,G,678,C,99.97,G--C (94.22);  A--T (5.75);  A--C (0.03)
2011,245_left,28453,28521,28636,28730,115,28,43,2554.22465,0.0268231,12,0.11,28480,A,28495,T,94.31,A--T (94.25);  C--C (5.63);  G--C (0.03);  G--T (0.03);  T--C (0.03);  T--T (0.03)
2039,31:binLong:24_left_left,3742,3805,3928,3990,123,38,84,3330.52047,0.0129037,17,0.17,3779,A,3944,C,5.58,A--C (94.22);  C--G (5.58);  C--A (0.2)
2064,1178_left,3744,3798,3928,3985,130,36,75,3326.25179,0.023087,20,0.2,3779,A,3944,C,5.58,A--C (94.22);  C--G (5.58);  C--A (0.2)
207,565_left,598,657,627,718,-30,80,81,2089.31627,0.0126939,9,0.07,677,G,678,C,99.97,G--C (94.22);  A--T (5.75);  A--C (0.03)
207,565_left,598,657,627,718,-30,10,19,2044.90277,0.0225036,12,0.11,607,A,616,T,94.65,A--T (94.34);  C--A (5.35);  C--G (0.31)
2071,156:binLong:61_left_left,28462,28516,28649,28740,133,19,34,2618.05935,0.000964829,14,0.13,28480,A,28495,T,94.31,A--T (94.25);  C--C (5.63);  G--C (0.03);  G--T (0.03);  T--C (0.03);  T--T (0.03)
2072,1219_left,3750,3794,3927,3980,133,72,73,2526.70747,0.0227344,8,0.05,3939,G,3940,A,0,G--A (99.82);  C--C (0.12);  ---- (0.03);  A--G (0.03)
2080,1266_left,28460,28526,28663,28721,137,21,36,2540.67974,0.000102183,14,0.13,28480,A,28495,T,94.31,A--T (94.25);  C--C (5.63);  G--C (0.03);  G--T (0.03);  T--C (0.03);  T--T (0.03)
2089,1233_left,28461,28523,28664,28738,141,20,35,2613.41813,0.00165691,14,0.13,28480,A,28495,T,94.31,A--T (94.25);  C--C (5.63);  G--C (0.03);  G--T (0.03);  T--C (0.03);  T--T (0.03)
2092,1344_left,28456,28515,28657,28732,142,25,40,2627.62647,0.0123335,12,0.11,28480,A,28495,T,94.31,A--T (94.25);  C--C (5.63);  G--C (0.03);  G--T (0.03);  T--C (0.03);  T--T (0.03)
2093,99:binLong:62_left_left,29634,29694,29837,29884,143,2,18,2434.56524,0.0272928,17,0.17,29635,C,29651,G,100,C--G (94.44);  A--T (5.34);  T--A (0.13);  T--G (0.1)
2099,391_left,28457,28516,28661,28754,145,24,39,2708.03256,0.0134548,16,0.16,28480,A,28495,T,94.31,A--T (94.25);  C--C (5.63);  G--C (0.03);  G--T (0.03);  T--C (0.03);  T--T (0.03)
2103,796_left,29609,29685,29832,29884,147,27,43,2369.78286,0.0285821,17,0.17,29635,C,29651,G,100,C--G (94.66);  A--T (5.13);  T--A (0.12);  T--G (0.09)
2114,443:binLong:61_left_left,28451,28506,28658,28756,152,30,45,2663.96078,0.00832921,14,0.13,28480,A,28495,T,94.31,A--T (94.25);  C--C (5.63);  G--C (0.03);  G--T (0.03);  T--C (0.03);  T--T (0.03)
2114,443:binLong:61_left_left,28451,28506,28658,28756,152,126,127,2575.57507,0.025823,15,0.14,28727,G,28728,C,94.05,G--C (94.05);  A--A (5.86);  T--C (0.09)
2126,727:binLong:54_left_left,29618,29676,29833,29885,157,18,34,2432.01863,0.0255973,17,0.17,29635,C,29651,G,100,C--G (94.65);  A--T (5.13);  T--A (0.12);  T--G (0.09)
2138,1274_left,28466,28517,28679,28751,162,15,30,2665.50154,0.000379397,12,0.11,28480,A,28495,T,94.31,A--T (94.25);  C--C (5.63);  G--C (0.03);  G--T (0.03);  T--C (0.03);  T--T (0.03)
2138,1274_left,28466,28517,28679,28751,162,42,102,2418.78642,0.0402211,10,0.08,28507,C,28728,C,5.86,C--C (94.14);  T--A (5.86)
2138,1274_left,28466,28517,28679,28751,162,101,102,2418.60108,0.0446519,15,0.14,28727,G,28728,C,94.05,G--C (94.05);  A--A (5.86);  T--C (0.09)
2138,1274_left,28466,28517,28679,28751,162,42,101,2418.60108,0.0446519,15,0.14,28507,C,28727,G,99.91,C--G (94.05);  T--A (5.86);  C--T (0.09)
2150,1156_left,28458,28513,28679,28762,166,23,38,2644.1877,0.0110823,15,0.14,28480,A,28495,T,94.31,A--T (94.25);  C--C (5.63);  G--C (0.03);  G--T (0.03);  T--C (0.03);  T--T (0.03)
2150,1156_left,28458,28513,28679,28762,166,50,106,2479.75735,0.0413168,10,0.08,28507,C,28728,C,5.86,C--C (94.14);  T--A (5.86)
2150,1156_left,28458,28513,28679,28762,166,105,106,2479.59695,0.0413168,15,0.14,28727,G,28728,C,94.05,G--C (94.05);  A--A (5.86);  T--C (0.09)
2150,1156_left,28458,28513,28679,28762,166,50,105,2479.59695,0.0413168,15,0.14,28507,C,28727,G,99.91,C--G (94.05);  T--A (5.86);  C--T (0.09)
2156,1297_left,6878,6992,7161,7227,169,72,90,2468.11747,0.0418405,32,0.33,6949,T,6967,A,94.82,T--A (94.82);  A--G (5.06);  T--T (0.11)
2166,203:binLong:22_left_left,6873,6983,7153,7228,170,77,95,2403.54026,0.0444015,29,0.3,6949,T,6967,A,94.82,T--A (94.82);  A--G (5.06);  T--T (0.11)
2167,573_left,28456,28527,28699,28771,172,25,40,2619.00812,0.0139623,14,0.13,28480,A,28495,T,94.31,A--T (94.25);  C--C (5.63);  G--C (0.03);  G--T (0.03);  T--C (0.03);  T--T (0.03)
2167,573_left,28456,28527,28699,28771,172,52,102,2473.73571,0.0485489,10,0.08,28507,C,28728,C,5.86,C--C (94.14);  T--A (5.86)
2167,573_left,28456,28527,28699,28771,172,101,102,2473.60816,0.0485489,15,0.14,28727,G,28728,C,94.05,G--C (94.05);  A--A (5.86);  T--C (0.09)
2167,573_left,28456,28527,28699,28771,172,52,101,2473.60816,0.0485489,15,0.14,28507,C,28727,G,99.91,C--G (94.05);  T--A (5.86);  C--T (0.09)
2172,354_left,29612,29675,29848,29890,173,24,40,2022.16385,0.0376749,17,0.17,29635,C,29651,G,100,C--G (93.81);  A--T (5.98);  T--A (0.14);  T--G (0.07)
2179,1283_left,29619,29679,29852,29890,173,17,33,1883.39247,0.0146163,19,0.19,29635,C,29651,G,100,C--G (93.88);  A--T (5.89);  T--A (0.15);  T--G (0.07)
2181,712_left,28465,28515,28689,28768,174,16,31,2671.83458,0.02867,16,0.16,28480,A,28495,T,94.31,A--T (94.25);  C--C (5.63);  G--C (0.03);  G--T (0.03);  T--C (0.03);  T--T (0.03)
2185,1177_left,28448,28528,28705,28775,177,33,48,2554.9947,0.0242768,12,0.11,28480,A,28495,T,94.31,A--T (94.25);  C--C (5.63);  G--C (0.03);  G--T (0.03);  T--C (0.03);  T--T (0.03)
2188,1248_left,28474,28524,28702,28774,178,7,22,2595.63016,0.0218135,16,0.16,28480,A,28495,T,94.31,A--T (94.25);  C--C (5.63);  G--C (0.03);  G--T (0.03);  T--C (0.03);  T--T (0.03)
2189,1063_left,28459,28511,28689,28764,178,22,37,2582.36319,0.00766647,16,0.16,28480,A,28495,T,94.31,A--T (94.25);  C--C (5.63);  G--C (0.03);  G--T (0.03);  T--C (0.03);  T--T (0.03)
2190,212_left,28451,28518,28697,28796,179,30,45,2582.27546,0.0318013,12,0.11,28480,A,28495,T,94.31,A--T (94.25);  C--C (5.63);  G--C (0.03);  G--T (0.03);  T--C (0.03);  T--T (0.03)
2194,65:binLong:10_left_left,28472,28535,28714,28779,179,9,24,2561.41789,0.000866968,16,0.16,28480,A,28495,T,94.31,A--T (94.25);  C--C (5.63);  G--C (0.03);  G--T (0.03);  T--C (0.03);  T--T (0.03)
2194,65:binLong:10_left_left,28472,28535,28714,28779,179,36,79,2416.26216,0.0222354,10,0.08,28507,C,28728,C,5.86,C--C (94.14);  T--A (5.86)
2194,65:binLong:10_left_left,28472,28535,28714,28779,179,78,79,2416.16335,0.0222354,15,0.14,28727,G,28728,C,94.05,G--C (94.05);  A--A (5.86);  T--C (0.09)
2194,65:binLong:10_left_left,28472,28535,28714,28779,179,36,78,2416.16335,0.0222354,15,0.14,28507,C,28727,G,99.91,C--G (94.05);  T--A (5.86);  C--T (0.09)
2195,833:binLong:16_left_left,10384,10434,10613,10676,179,90,108,1838.64305,0.00407586,18,0.18,10651,T,10669,A,100,T--A (94.54);  C--G (5.46)
2201,1040_left,28448,28526,28709,28785,183,33,48,2564.09128,0.017435,12,0.11,28480,A,28495,T,94.31,A--T (94.25);  C--C (5.63);  G--C (0.03);  G--T (0.03);  T--C (0.03);  T--T (0.03)
2214,1298_left,6871,6971,7161,7227,190,79,97,2447.47534,0.0298935,29,0.3,6949,T,6967,A,94.82,T--A (94.82);  A--G (5.06);  T--T (0.11)
2216,243:binLong:27_left_left,28478,28512,28702,28773,190,3,18,2620.39916,0.0137373,16,0.16,28480,A,28495,T,94.31,A--T (94.25);  C--C (5.63);  G--C (0.03);  G--T (0.03);  T--C (0.03);  T--T (0.03)
2236,160_left,28462,28517,28719,28775,202,19,34,2658.00734,0.0108096,16,0.16,28480,A,28495,T,94.31,A--T (94.25);  C--C (5.63);  G--C (0.03);  G--T (0.03);  T--C (0.03);  T--T (0.03)
2244,1331_left,28464,28519,28726,28780,207,17,32,2696.49054,0.0272209,16,0.16,28480,A,28495,T,94.31,A--T (94.25);  C--C (5.63);  G--C (0.03);  G--T (0.03);  T--C (0.03);  T--T (0.03)
2261,191:binLong:63_left_left,28449,28527,28746,28783,219,32,47,2441.48559,0.0374673,12,0.11,28480,A,28495,T,94.31,A--T (94.25);  C--C (5.63);  G--C (0.03);  G--T (0.03);  T--C (0.03);  T--T (0.03)
2270,1257_left,28459,28514,28736,28797,222,22,37,2577.18878,0.00220956,17,0.17,28480,A,28495,T,94.31,A--T (94.25);  C--C (5.63);  G--C (0.03);  G--T (0.03);  T--C (0.03);  T--T (0.03)
2271,1262_left,28461,28519,28741,28785,222,20,35,2594.46697,0.0269464,16,0.16,28480,A,28495,T,94.31,A--T (94.25);  C--C (5.63);  G--C (0.03);  G--T (0.03);  T--C (0.03);  T--T (0.03)
2298,683:binLong:61_left_left,28427,28509,28742,28785,233,9,21,2519.68382,0.00872543,11,0.09,28435,C,28447,A,0,C--A (94.28);  A--G (5.72)
2298,683:binLong:61_left_left,28427,28509,28742,28785,233,9,57,2434.57303,0.0235751,14,0.13,28435,C,28483,A,0,C--A (94.28);  A--G (5.63);  A--A (0.09)
2298,683:binLong:61_left_left,28427,28509,28742,28785,233,21,57,2434.57303,0.0235751,15,0.14,28447,A,28483,A,0,A--A (94.28);  G--G (5.63);  G--A (0.09)
2302,63_left,28450,28518,28753,28814,235,31,46,2618.33337,0.0118431,12,0.11,28480,A,28495,T,94.31,A--T (94.25);  C--C (5.63);  G--C (0.03);  G--T (0.03);  T--C (0.03);  T--T (0.03)
2307,50:binLong:10_left_left,25434,25502,25739,25792,237,71,119,2641.96662,0.0214269,11,0.09,25740,G,25788,A,0.03,G--A (94.11);  A--G (5.83);  A--A (0.03);  T--A (0.03)
2317,195_left,6079,6139,6382,6451,243,43,127,2072.73959,0.0041708,24,0.25,6121,A,6446,G,0.17,A--G (99.12);  G--A (0.46);  A--A (0.23);  T--A (0.17);  G--G (0.03)
2336,70:binLong:24_left_left,25438,25490,25739,25799,249,55,103,2530.97132,0.0286204,11,0.09,25740,G,25788,A,0.03,G--A (94.11);  A--G (5.83);  A--A (0.03);  T--A (0.03)
2338,260:binLong:10_left_left,28443,28503,28752,28816,249,5,41,2620.01251,0.00464732,13,0.12,28447,A,28483,A,0,A--A (94.28);  G--G (5.63);  G--A (0.09)
2338,260:binLong:10_left_left,28443,28503,28752,28816,249,38,53,2506.62472,0.0149188,15,0.14,28480,A,28495,T,94.31,A--T (94.25);  C--C (5.63);  G--C (0.03);  G--T (0.03);  T--C (0.03);  T--T (0.03)
2369,438:binLong:18_left_left,6087,6138,6397,6467,259,35,103,1870.73615,0.0217878,25,0.26,6121,A,6446,G,0.17,A--G (99.12);  G--A (0.46);  A--A (0.23);  T--A (0.17);  G--G (0.03)
2380,829_left,25425,25491,25754,25802,263,21,22,2413.58265,0.0320417,24,0.25,25445,G,25446,T,99.54,G--T (94.82);  T--A (4.24);  C--G (0.46);  G--A (0.4);  ---- (0.03);  C--C (0.03);  T--G (0.03)
2401,31:binLong:11_left_left,5993,6165,6439,6567,274,132,244,2183.74909,0.00134582,23,0.24,6124,A,6508,T,99.8,A--T (99.15);  T--A (0.65);  T--C (0.14);  G--A (0.06)
2409,1057:binLong:30_left_left,28425,28480,28756,28809,276,11,23,2617.7621,0.00117946,10,0.08,28435,C,28447,A,0,C--A (94.28);  A--G (5.72)
2410,24:binLong:9_left_left,28455,28525,28801,28908,276,26,41,2685.555,0.0107338,12,0.11,28480,A,28495,T,94.31,A--T (94.25);  C--C (5.63);  G--C (0.03);  G--T (0.03);  T--C (0.03);  T--T (0.03)
2410,24:binLong:9_left_left,28455,28525,28801,28908,276,54,178,2636.95714,0.0195745,14,0.13,28508,A,28907,G,0.14,A--G (94.2);  G--A (5.66);  A--T (0.06);  T--G (0.06);  G--C (0.03)
2451,44:binLong:14_left_left,28435,28505,28801,28924,296,1,13,2797.40281,0.00368014,10,0.08,28435,C,28447,A,0,C--A (94.28);  A--G (5.72)
2453,37:binLong:20_left_left,6060,6133,6430,6526,297,65,154,2105.29459,0.00466351,23,0.24,6124,A,6508,T,99.8,A--T (99.15);  T--A (0.65);  T--C (0.14);  G--A (0.06)
2480,149:binLong:22_left_left,28426,28507,28819,28939,312,10,22,2491.22667,0.0086995,11,0.09,28435,C,28447,A,0,C--A (94.28);  A--G (5.72)
2481,1112_left,10298,10356,10668,10755,312,20,37,1930.90414,0.00274353,7,0.04,10317,A,10334,G,5.66,A--G (94.31);  G--T (5.66);  G--G (0.03)
2481,1112_left,10298,10356,10668,10755,312,103,112,1832.03733,0.0150948,24,0.25,10711,T,10720,A,100,T--A (99.17);  C--G (0.83)
2489,311_left,10306,10352,10667,10764,315,92,101,1905.0793,0.0169205,24,0.25,10711,T,10720,A,100,T--A (99.17);  C--G (0.83)
2489,311_left,10306,10352,10667,10764,315,12,29,1847.7666,0.0447011,7,0.04,10317,A,10334,G,5.66,A--G (94.31);  G--T (5.66);  G--G (0.03)
2492,1000_left,5989,6139,6456,6567,317,136,205,2275.61936,0.00207035,23,0.24,6124,A,6508,T,99.8,A--T (99.15);  T--A (0.65);  T--C (0.14);  G--A (0.06)
2498,55:binLong:10_left_left,28427,28501,28820,28942,319,9,21,2459.9566,0.0416595,11,0.09,28435,C,28447,A,0,C--A (94.28);  A--G (5.72)
2503,437_left,10303,10345,10667,10757,322,15,32,1968.78665,0.00478255,7,0.04,10317,A,10334,G,5.66,A--G (94.31);  G--T (5.66);  G--G (0.03)
2503,437_left,10303,10345,10667,10757,322,88,97,1937.69488,0.00803725,24,0.25,10711,T,10720,A,100,T--A (99.17);  C--G (0.83)
2503,437_left,10303,10345,10667,10757,322,32,133,1833.91931,0.0427364,9,0.07,10334,G,10756,T,99.97,G--T (94.31);  T--A (5.6);  G--C (0.03);  T--G (0.03);  T--T (0.03)
2503,437_left,10303,10345,10667,10757,322,15,133,1831.53314,0.0455454,10,0.08,10317,A,10756,T,94.34,A--T (94.28);  G--A (5.6);  G--T (0.06);  A--C (0.03);  G--G (0.03)
2505,80:binLong:12_left_left,6077,6164,6486,6546,322,48,111,2188.02768,0.000270346,23,0.24,6124,A,6508,T,99.8,A--T (99.15);  T--A (0.65);  T--C (0.14);  G--A (0.06)
2512,1204_left,5977,6151,6476,6562,325,148,209,2275.15642,0.0292589,23,0.24,6124,A,6508,T,99.8,A--T (99.15);  T--A (0.65);  T--C (0.14);  G--A (0.06)
2513,1006_left,28422,28491,28816,28923,325,14,26,2657.75974,3.40394e-05,12,0.11,28435,C,28447,A,0,C--A (94.28);  A--G (5.72)
2513,1006_left,28422,28491,28816,28923,325,14,62,2494.38755,0.00314631,14,0.13,28435,C,28483,A,0,C--A (94.28);  A--G (5.63);  A--A (0.09)
2513,1006_left,28422,28491,28816,28923,325,26,62,2494.38755,0.00314631,14,0.13,28447,A,28483,A,0,A--A (94.28);  G--G (5.63);  G--A (0.09)
2513,1006_left,28422,28491,28816,28923,325,162,176,2487.62805,0.00437288,14,0.13,28907,G,28921,T,94.25,G--T (94.2);  A--A (5.66);  G--C (0.06);  T--T (0.06);  C--C (0.03)
2514,723_left,16951,17031,17357,17452,326,101,140,1873.22214,0.0474117,18,0.18,17376,A,17415,T,99.8,A--T (94.11);  T--A (5.66);  C--A (0.2);  G--T (0.03)
2539,11:binLong:17_left_left,6002,6139,6474,6562,335,123,174,2307.57865,0.0424192,23,0.24,6124,A,6508,T,99.8,A--T (99.15);  T--A (0.65);  T--C (0.14);  G--A (0.06)
2544,636_left,5993,6146,6484,6570,338,132,180,2317.65829,0.00290377,23,0.24,6124,A,6508,T,99.8,A--T (99.15);  T--A (0.65);  T--C (0.14);  G--A (0.06)
2548,18_left,5993,6140,6479,6567,339,132,179,2317.73371,0.00952702,23,0.24,6124,A,6508,T,99.8,A--T (99.15);  T--A (0.65);  T--C (0.14);  G--A (0.06)
2560,103:binLong:7_left_left,6001,6132,6477,6561,345,124,165,2284.92118,0.00495443,23,0.24,6124,A,6508,T,99.8,A--T (99.15);  T--A (0.65);  T--C (0.14);  G--A (0.06)
2603,4:binLong:21_left_left,10298,10350,10716,10778,366,20,37,1948.60715,0.0104635,9,0.07,10317,A,10334,G,5.66,A--G (94.31);  G--T (5.66);  G--G (0.03)
2606,415:binLong:14_left_left,16987,17062,17430,17513,368,104,107,2219.30217,0.000132084,38,0.39,17457,A,17460,A,0.31,A--A (94.82);  C--C (4.07);  C--G (0.31);  C--T (0.31);  T--T (0.28);  G--A (0.14);  T--C (0.06)
2619,207:binLong:17_left_left,13835,13878,14251,14343,373,45,121,1492.02989,0.0279521,20,0.2,14251,T,14325,C,0,T--C (94.45);  C--T (5.52);  T--T (0.03)
2636,39:binLong:14_left_left,28384,28527,28907,29023,380,125,159,2700.32674,0.000145432,18,0.18,28508,A,28921,T,94.28,A--T (94.25);  G--A (5.66);  T--C (0.06);  G--C (0.03)
2636,39:binLong:14_left_left,28384,28527,28907,29023,380,125,172,2675.95588,0.000239027,12,0.11,28508,A,28934,T,99.94,A--T (94.25);  G--C (5.69);  T--T (0.06)
2636,39:binLong:14_left_left,28384,28527,28907,29023,380,52,64,2659.4491,0.000346723,11,0.09,28435,C,28447,A,0,C--A (94.28);  A--G (5.72)
2636,39:binLong:14_left_left,28384,28527,28907,29023,380,52,100,2536.8563,0.005187,14,0.13,28435,C,28483,A,0,C--A (94.28);  A--G (5.63);  A--A (0.09)
2636,39:binLong:14_left_left,28384,28527,28907,29023,380,64,100,2536.8563,0.005187,13,0.12,28447,A,28483,A,0,A--A (94.28);  G--G (5.63);  G--A (0.09)
2636,39:binLong:14_left_left,28384,28527,28907,29023,380,145,159,2444.09119,0.0358861,17,0.17,28907,G,28921,T,94.25,G--T (94.2);  A--A (5.66);  G--C (0.06);  T--T (0.06);  C--C (0.03)
2649,82_left,28389,28520,28907,29030,387,120,147,2710.82906,0.0164371,15,0.14,28508,A,28921,T,94.28,A--T (94.25);  G--A (5.66);  T--C (0.06);  G--C (0.03)
2649,82_left,28389,28520,28907,29030,387,120,160,2696.17416,0.0204257,15,0.14,28508,A,28934,T,99.94,A--T (94.25);  G--C (5.69);  T--T (0.06)
2649,82_left,28389,28520,28907,29030,387,47,59,2678.32881,0.0253777,11,0.09,28435,C,28447,A,0,C--A (94.28);  A--G (5.72)
2650,7:binLong:9_left_left,28374,28512,28899,29024,387,62,74,2827.36198,0.00121767,10,0.08,28435,C,28447,A,0,C--A (94.28);  A--G (5.72)
2650,7:binLong:9_left_left,28374,28512,28899,29024,387,135,175,2781.38686,0.00252065,9,0.07,28508,A,28934,T,99.94,A--T (94.25);  G--C (5.69);  T--T (0.06)
2650,7:binLong:9_left_left,28374,28512,28899,29024,387,135,162,2753.35683,0.00396701,12,0.11,28508,A,28921,T,94.28,A--T (94.25);  G--A (5.66);  T--C (0.06);  G--C (0.03)
2650,7:binLong:9_left_left,28374,28512,28899,29024,387,62,110,2691.48623,0.00979369,14,0.13,28435,C,28483,A,0,C--A (94.28);  A--G (5.63);  A--A (0.09)
2650,7:binLong:9_left_left,28374,28512,28899,29024,387,74,110,2691.48623,0.00979369,14,0.13,28447,A,28483,A,0,A--A (94.28);  G--G (5.63);  G--A (0.09)
266,251:binShort:3_left_left,14763,14820,14793,14854,-27,58,85,2142.60117,0.000470466,23,0.24,14820,A,14847,A,5.72,A--A (94.2);  G--C (5.66);  G--A (0.06);  T--G (0.06);  A--C (0.03)
266,251:binShort:3_left_left,14763,14820,14793,14854,-27,16,58,2062.69907,0.00252907,16,0.16,14778,T,14820,A,99.94,T--A (94.22);  C--G (5.72);  C--T (0.06)
266,251:binShort:3_left_left,14763,14820,14793,14854,-27,16,85,1920.06946,0.0421682,23,0.24,14778,T,14847,A,94.25,T--A (94.2);  C--C (5.66);  C--A (0.06);  C--G (0.06);  T--C (0.03)
2671,352:binLong:6_left_left,6041,6114,6510,6568,396,109,115,1989.06175,0.0330176,21,0.21,6544,A,6550,A,5.07,A--A (94.93);  G--T (5.01);  A--T (0.03);  G--C (0.03)
2684,32:binLong:15_left_left,28433,28515,28919,29030,404,76,86,2570.08764,0.0258789,16,0.16,28508,A,28921,T,94.28,A--T (94.25);  G--A (5.66);  T--C (0.06);  G--C (0.03)
2684,32:binLong:15_left_left,28433,28515,28919,29030,404,76,99,2533.18258,0.0338282,15,0.14,28508,A,28934,T,99.94,A--T (94.25);  G--C (5.69);  T--T (0.06)
2684,32:binLong:15_left_left,28433,28515,28919,29030,404,3,15,2530.27451,0.0353723,10,0.08,28435,C,28447,A,0,C--A (94.28);  A--G (5.72)
2697,1127_left,28459,28517,28930,29004,413,50,64,2619.23886,0.00687145,12,0.11,28508,A,28934,T,99.94,A--T (94.25);  G--C (5.69);  T--T (0.06)
2699,819_left,3119,3196,3610,3651,414,42,76,2466.96223,0.0450725,12,0.11,3160,T,3176,C,0,T--C (94.31);  A--G (5.6);  G--G (0.06);  C--A (0.03)
2702,1098_left,28438,28513,28928,28965,415,71,83,2364.14703,0.000619545,9,0.07,28508,A,28934,T,99.94,A--T (94.25);  G--C (5.69);  T--T (0.06)
2702,1098_left,28438,28513,28928,28965,415,43,58,2285.6507,0.00214989,12,0.11,28480,A,28495,T,94.31,A--T (94.25);  C--C (5.63);  G--C (0.03);  G--T (0.03);  T--C (0.03);  T--T (0.03)
2702,1098_left,28438,28513,28928,28965,415,10,46,2188.78646,0.0115376,15,0.14,28447,A,28483,A,0,A--A (94.28);  G--G (5.63);  G--A (0.09)
272,440_left,18082,18151,18125,18198,-26,10,12,1658.36498,0.0130783,13,0.12,18091,T,18093,A,94.28,T--A (94.28);  C--T (5.66);  C--A (0.03);  C--C (0.03)
2731,6:binLong:2_left_left,28436,28509,28942,29043,433,12,48,2540.74489,0.0138555,15,0.14,28447,A,28483,A,0,A--A (94.28);  G--G (5.63);  G--A (0.09)
2731,6:binLong:2_left_left,28436,28509,28942,29043,433,45,168,2522.68313,0.0172524,14,0.13,28480,A,29035,T,94.28,A--T (94.25);  C--A (5.6);  G--A (0.06);  C--T (0.03);  T--A (0.03);  T--T (0.03)
2747,666_left,28379,28488,28932,29047,444,57,69,2741.18625,0.00350707,10,0.08,28435,C,28447,A,0,C--A (94.28);  A--G (5.72)
2747,666_left,28379,28488,28932,29047,444,57,105,2605.49019,0.0214302,13,0.12,28435,C,28483,A,0,C--A (94.28);  A--G (5.63);  A--A (0.09)
2747,666_left,28379,28488,28932,29047,444,69,105,2605.49019,0.0214302,13,0.12,28447,A,28483,A,0,A--A (94.28);  G--G (5.63);  G--A (0.09)
2747,666_left,28379,28488,28932,29047,444,102,214,2559.47072,0.042405,18,0.18,28480,A,29035,T,94.28,A--T (94.25);  C--A (5.6);  G--A (0.06);  C--T (0.03);  T--A (0.03);  T--T (0.03)
2767,167:binLong:23_left_left,28383,28477,28934,29003,457,53,65,2852.2686,0.0202301,10,0.08,28435,C,28447,A,0,C--A (94.28);  A--G (5.72)
2769,1:binLong:13_left_left,28409,28463,28921,28994,458,27,39,2245.27942,0.0359861,10,0.08,28435,C,28447,A,0,C--A (94.28);  A--G (5.72)
2781,694_left,28362,28468,28940,29042,472,74,86,2926.74185,0.037797,12,0.11,28435,C,28447,A,0,C--A (94.28);  A--G (5.72)
2793,838_left,28367,28467,28952,29056,485,69,81,2971.5151,0.0325965,10,0.08,28435,C,28447,A,0,C--A (94.28);  A--G (5.72)
2799,1120_left,28372,28461,28948,29062,487,64,76,2990.3496,0.0307772,10,0.08,28435,C,28447,A,0,C--A (94.28);  A--G (5.72)
280,201:binShort:1_left_left,24522,24580,24554,24626,-26,51,56,1803.46506,0.0198882,10,0.08,24572,T,24577,G,94.28,T--G (94.22);  C--A (5.72);  C--G (0.06)
2802,19:binLong:20_left_left,23673,23745,24233,24334,488,21,29,1977.22919,0.0493023,14,0.13,23693,T,23701,C,4.61,T--C (95.39);  A--T (4.61)
2804,1306_left,28366,28463,28952,29033,489,70,82,2996.38063,0.0485972,10,0.08,28435,C,28447,A,0,C--A (94.28);  A--G (5.72)
2809,470_left,26436,26494,26987,27033,493,7,101,1877.34573,0.000391561,6,0.03,26442,T,27023,A,100,T--A (94.34);  C--G (5.66)
2809,470_left,26436,26494,26987,27033,493,71,110,1804.54656,0.00116175,12,0.11,26993,A,27032,T,94.14,A--T (94.14);  G--G (5.69);  A--A (0.17)
2809,470_left,26436,26494,26987,27033,493,95,101,1637.53859,0.0136305,16,0.16,27017,T,27023,A,94.2,T--A (94.14);  A--G (5.58);  A--A (0.11);  C--A (0.09);  T--G (0.06);  G--G (0.03)
2809,470_left,26436,26494,26987,27033,493,7,95,1637.53859,0.0136305,16,0.16,26442,T,27017,T,0.14,T--T (94.14);  C--A (5.58);  T--A (0.11);  T--C (0.09);  C--T (0.06);  C--G (0.03)
2816,492_left,17531,17604,18099,18195,495,71,144,2135.93631,0.0173157,12,0.11,17601,G,18168,T,94.08,G--T (94.08);  A--A (5.89);  A--C (0.03)
2826,28:binLong:23_left_left,26422,26478,26978,27049,500,21,107,1808.30894,0.000571652,6,0.03,26442,T,27023,A,100,T--A (94.34);  C--G (5.66)
2826,28:binLong:23_left_left,26422,26478,26978,27049,500,77,116,1730.9663,0.00379353,11,0.09,26993,A,27032,T,94.14,A--T (94.14);  G--G (5.69);  A--A (0.17)
2829,1259_left,28366,28456,28958,29036,502,70,82,2968.67458,0.0442452,10,0.08,28435,C,28447,A,0,C--A (94.28);  A--G (5.72)
2833,494:binLong:21_left_left,26432,26473,26977,27026,504,11,92,1949.32962,0.0168716,6,0.03,26442,T,27023,A,100,T--A (94.34);  C--G (5.66)
286,104:binShort:1_left_left,4158,4205,4179,4240,-26,8,78,2818.56459,0.0195795,10,0.08,4165,T,4235,A,94.22,T--A (94.22);  A--G (5.66);  C--C (0.11)
2874,562_left,28313,28378,28910,29076,532,229,230,2941.16803,0.00395835,32,0.33,29072,G,29073,C,94.17,G--C (94.14);  C--A (5.72);  T--C (0.11);  G--T (0.03)
2878,660:binLong:5_left_left,26422,26467,26999,27031,532,21,74,2204.80732,0.010596,6,0.03,26442,T,27023,A,100,T--A (94.34);  C--G (5.66)
2884,59:binLong:22_left_left,28317,28376,28915,29076,539,218,219,3005.37894,0.0340636,32,0.33,29072,G,29073,C,94.17,G--C (94.14);  C--A (5.72);  T--C (0.11);  G--T (0.03)
2890,43:binLong:17_left_left,28315,28379,28931,29079,552,207,208,2963.9293,0.00193555,27,0.28,29072,G,29073,C,94.17,G--C (94.14);  C--A (5.72);  T--C (0.11);  G--T (0.03)
2893,1011_left,28314,28373,28926,29077,553,207,208,2969.323,0.0290513,32,0.33,29072,G,29073,C,94.17,G--C (94.14);  C--A (5.72);  T--C (0.11);  G--T (0.03)
2899,29:binLong:18_left_left,28322,28381,28942,29071,561,26,29,2752.14855,0.0326042,11,0.09,28347,G,28350,G,0.03,G--G (94.05);  A--A (5.92);  T--G (0.03)
2902,1311_left,28333,28369,28936,29023,567,15,18,3047.65061,0.0148674,11,0.09,28347,G,28350,G,0.03,G--G (94.05);  A--A (5.92);  T--G (0.03)
2905,21_left,28313,28377,28948,29074,571,190,191,3101.68142,2.82918e-07,25,0.26,29072,G,29073,C,94.17,G--C (94.14);  C--A (5.72);  T--C (0.11);  G--T (0.03)
2905,21_left,28313,28377,28948,29074,571,35,38,2749.10102,0.000431489,13,0.12,28347,G,28350,G,0.03,G--G (94.05);  A--A (5.92);  T--G (0.03)
2906,258:binLong:19_left_left,28309,28372,28943,29085,571,194,195,3031.50231,0.00261353,29,0.3,29072,G,29073,C,94.17,G--C (94.14);  C--A (5.72);  T--C (0.11);  G--T (0.03)
2913,226_left,28317,28376,28959,29075,583,174,175,3100.88705,2.60195e-05,25,0.26,29072,G,29073,C,94.17,G--C (94.14);  C--A (5.72);  T--C (0.11);  G--T (0.03)
2913,226_left,28317,28376,28959,29075,583,31,34,2720.2245,0.00503221,13,0.12,28347,G,28350,G,0.03,G--G (94.05);  A--A (5.92);  T--G (0.03)
2923,993_left,28312,28375,28982,29076,607,155,156,3161.34562,4.27538e-07,25,0.26,29072,G,29073,C,94.17,G--C (94.14);  C--A (5.72);  T--C (0.11);  G--T (0.03)
2923,993_left,28312,28375,28982,29076,607,36,39,2871.01371,8.12728e-05,13,0.12,28347,G,28350,G,0.03,G--G (94.05);  A--A (5.92);  T--G (0.03)
2924,452_left,28306,28380,28988,29078,608,160,161,2968.41411,8.15544e-06,25,0.26,29072,G,29073,C,94.17,G--C (94.14);  C--A (5.72);  T--C (0.11);  G--T (0.03)
2924,452_left,28306,28380,28988,29078,608,42,45,2645.10992,0.00244368,13,0.12,28347,G,28350,G,0.03,G--G (94.05);  A--A (5.92);  T--G (0.03)
2929,243_left,28309,28373,28986,29089,613,152,153,3030.5734,0.000612308,28,0.29,29072,G,29073,C,94.17,G--C (94.14);  C--A (5.72);  T--C (0.11);  G--T (0.03)
2940,1210_left,28301,28363,28986,29088,623,150,151,2924.15213,0.000392462,27,0.28,29072,G,29073,C,94.17,G--C (94.14);  C--A (5.72);  T--C (0.11);  G--T (0.03)
2940,1210_left,28301,28363,28986,29088,623,5,21,2771.50777,0.00297688,17,0.17,28305,A,28321,G,0.03,A--G (94.05);  G--A (5.83);  A--A (0.09);  A--T (0.03)
2941,856_left,28303,28365,28990,29075,625,146,147,2903.5771,0.043683,28,0.29,29072,G,29073,C,94.17,G--C (94.14);  C--A (5.72);  T--C (0.11);  G--T (0.03)
2944,118_left,28310,28377,29004,29097,627,137,138,2719.7182,0.0226509,29,0.3,29072,G,29073,C,94.17,G--C (94.14);  C--A (5.72);  T--C (0.11);  G--T (0.03)
2946,941_left,28310,28376,29004,29094,628,136,137,2766.46054,0.00538864,29,0.3,29072,G,29073,C,94.17,G--C (94.14);  C--A (5.72);  T--C (0.11);  G--T (0.03)
295,160:binShort:1_left_left,5640,5692,5667,5730,-25,2,32,2234.16901,0.0477021,20,0.2,5641,A,5671,A,0,A--A (94.31);  T--T (5.6);  C--T (0.06);  A--C (0.03)
2951,1056_left,28296,28356,28988,29102,632,146,147,2834.48997,7.7058e-05,32,0.33,29072,G,29073,C,94.17,G--C (94.14);  C--A (5.72);  T--C (0.11);  G--T (0.03)
2951,1056_left,28296,28356,28988,29102,632,10,26,2657.45146,0.000948428,16,0.16,28305,A,28321,G,0.03,A--G (94.05);  G--A (5.83);  A--A (0.09);  A--T (0.03)
2953,1330_left,28302,28358,28992,29082,634,138,139,2901.35934,9.93874e-05,27,0.28,29072,G,29073,C,94.17,G--C (94.14);  C--A (5.72);  T--C (0.11);  G--T (0.03)
2953,1330_left,28302,28358,28992,29082,634,4,20,2752.12284,0.000690441,16,0.16,28305,A,28321,G,0.03,A--G (94.05);  G--A (5.83);  A--A (0.09);  A--T (0.03)
2953,1330_left,28302,28358,28992,29082,634,46,49,2437.40027,0.0428196,11,0.09,28347,G,28350,G,0.03,G--G (94.05);  A--A (5.92);  T--G (0.03)
2961,154_left,28311,28363,29004,29099,641,122,123,2653.6144,0.000368545,27,0.28,29072,G,29073,C,94.17,G--C (94.14);  C--A (5.72);  T--C (0.11);  G--T (0.03)
2969,336:binLong:42_left_left,28306,28356,29004,29088,648,120,121,2704.21617,0.0410509,28,0.29,29072,G,29073,C,94.17,G--C (94.14);  C--A (5.72);  T--C (0.11);  G--T (0.03)
2971,631_left,28311,28370,29022,29101,652,111,112,2499.29491,0.00232968,27,0.28,29072,G,29073,C,94.17,G--C (94.14);  C--A (5.72);  T--C (0.11);  G--T (0.03)
2976,388:binLong:63_left_left,28299,28375,29031,29107,656,119,120,2477.63981,7.72147e-05,33,0.34,29072,G,29073,C,94.17,G--C (94.14);  C--A (5.72);  T--C (0.11);  G--T (0.03)
2976,388:binLong:63_left_left,28299,28375,29031,29107,656,7,23,2272.29188,0.00203304,14,0.13,28305,A,28321,G,0.03,A--G (94.05);  G--A (5.83);  A--A (0.09);  A--T (0.03)
298,275:binShort:2_left_left,14763,14827,14802,14860,-25,58,85,2198.81962,0.00593155,23,0.24,14820,A,14847,A,5.72,A--A (94.2);  G--C (5.66);  G--A (0.06);  T--G (0.06);  A--C (0.03)
298,275:binShort:2_left_left,14763,14827,14802,14860,-25,16,58,2109.37555,0.0470124,16,0.16,14778,T,14820,A,99.94,T--A (94.22);  C--G (5.72);  C--T (0.06)
2984,934:binLong:34_left_left,28295,28368,29030,29114,662,117,118,2454.04284,0.00374638,27,0.28,29072,G,29073,C,94.17,G--C (94.14);  C--A (5.72);  T--C (0.11);  G--T (0.03)
2984,934:binLong:34_left_left,28295,28368,29030,29114,662,11,27,2297.55357,0.0341413,16,0.16,28305,A,28321,G,0.03,A--G (94.05);  G--A (5.83);  A--A (0.09);  A--T (0.03)
3002,1265_left,28298,28377,29065,29136,688,88,89,2585.3616,0.0216676,32,0.33,29072,G,29073,C,94.17,G--C (94.14);  C--A (5.72);  T--C (0.11);  G--T (0.03)
3003,256_left,28307,28375,29066,29124,691,76,77,2595.58905,0.00211742,31,0.32,29072,G,29073,C,94.17,G--C (94.14);  C--A (5.72);  T--C (0.11);  G--T (0.03)
3005,1192_left,28309,28369,29062,29118,693,72,73,2505.28683,0.0152625,31,0.32,29072,G,29073,C,94.17,G--C (94.14);  C--A (5.72);  T--C (0.11);  G--T (0.03)
3031,99:binLong:34_left_left,28308,28373,29105,29129,732,40,43,2859.5376,0.0438842,11,0.09,28347,G,28350,G,0.03,G--G (94.05);  A--A (5.92);  T--G (0.03)
3036,127:binLong:40_left_left,28304,28369,29108,29143,739,2,18,2574.28297,0.0195886,14,0.13,28305,A,28321,G,0.03,A--G (94.05);  G--A (5.83);  A--A (0.09);  A--T (0.03)
3036,127:binLong:40_left_left,28304,28369,29108,29143,739,44,47,2542.51414,0.0271382,11,0.09,28347,G,28350,G,0.03,G--G (94.05);  A--A (5.92);  T--G (0.03)
3039,1:binLong:2_left_left,28284,28344,29085,29144,741,25,41,2685.74219,0.0332556,14,0.13,28305,A,28321,G,0.03,A--G (94.05);  G--A (5.83);  A--A (0.09);  A--T (0.03)
3041,59:binLong:10_left_left,28264,28356,29098,29164,742,45,61,2795.32582,0.0201558,14,0.13,28305,A,28321,G,0.03,A--G (94.05);  G--A (5.83);  A--A (0.09);  A--T (0.03)
3044,55_left,28301,28374,29120,29156,746,5,21,2412.42609,0.0130572,14,0.13,28305,A,28321,G,0.03,A--G (94.05);  G--A (5.83);  A--A (0.09);  A--T (0.03)
3060,8:binLong:64_left_left,28298,28362,29130,29168,768,8,24,2449.06733,0.0156814,14,0.13,28305,A,28321,G,0.03,A--G (94.05);  G--A (5.83);  A--A (0.09);  A--T (0.03)
3061,1346_left,28298,28356,29124,29153,768,8,24,2301.87989,0.0206001,15,0.14,28305,A,28321,G,0.03,A--G (94.05);  G--A (5.83);  A--A (0.09);  A--T (0.03)
3064,1008_left,28278,28338,29110,29162,772,31,47,2605.8897,0.014976,16,0.16,28305,A,28321,G,0.03,A--G (94.05);  G--A (5.83);  A--A (0.09);  A--T (0.03)
3065,1194_left,28297,28356,29128,29157,772,9,25,2372.83879,0.0136811,14,0.13,28305,A,28321,G,0.03,A--G (94.05);  G--A (5.83);  A--A (0.09);  A--T (0.03)
3109,174_left,15388,15449,16327,16384,878,12,15,1505.23092,0.0444805,19,0.19,15399,T,15402,A,100,T--A (94.91);  C--G (5.04);  T--G (0.06)
3192,5:binLong:22_left_left,8804,8859,9957,10032,1098,89,92,1925.66184,0.0225828,25,0.26,9988,C,9991,T,0,C--T (94.94);  T--C (5.04);  C--C (0.03)
3196,810_left,8806,8861,9965,10013,1104,81,84,2038.3144,0.0326109,23,0.24,9988,C,9991,T,0,C--T (94.94);  T--C (5.04);  C--C (0.03)
3197,325:binLong:18_left_left,8801,8859,9970,10016,1111,79,82,2006.50484,0.000493254,19,0.19,9988,C,9991,T,0,C--T (94.94);  T--C (5.04);  C--C (0.03)
3199,78:binLong:21_left_left,8808,8847,9970,10024,1123,60,63,2013.11894,0.0199939,23,0.24,9988,C,9991,T,0,C--T (94.94);  T--C (5.04);  C--C (0.03)
32,610_left,19789,19867,19803,19896,-64,39,69,1876.38732,0.000806148,22,0.23,19827,G,19857,T,94.25,G--T (94.2);  T--C (5.66);  A--T (0.06);  C--T (0.06);  C--C (0.03)
32,610_left,19789,19867,19803,19896,-64,30,39,1830.52498,0.00175807,29,0.3,19818,A,19827,G,5.86,A--G (94.03);  G--T (5.66);  T--G (0.11);  G--G (0.06);  T--A (0.06);  A--C (0.03);  C--C (0.03);  G--C (0.03)
32,610_left,19789,19867,19803,19896,-64,30,69,1814.57249,0.00242948,23,0.24,19818,A,19857,T,99.8,A--T (94.05);  G--C (5.69);  T--T (0.17);  G--T (0.06);  C--T (0.03)
32,610_left,19789,19867,19803,19896,-64,39,42,1639.96966,0.0451043,21,0.21,19827,G,19830,A,5.72,G--A (94.2);  T--G (5.6);  A--G (0.06);  C--G (0.06);  T--A (0.06);  C--A (0.03)
3216,233_left,27780,27842,29131,29246,1289,142,145,2310.16977,0.0299293,13,0.12,29209,A,29212,G,5.98,A--G (94);  T--A (5.89);  A--T (0.09);  A--A (0.03)
322,21:binShort:4_left_left,5608,5651,5627,5707,-24,29,31,1707.67559,0.0237372,26,0.27,5636,A,5638,A,0,A--A (94.28);  C--T (5.49);  C--C (0.23)
322,21:binShort:4_left_left,5608,5651,5627,5707,-24,34,64,1683.84731,0.0321158,12,0.11,5641,A,5671,A,0,A--A (94.31);  T--T (5.6);  C--T (0.06);  A--C (0.03)
3233,78:binLong:3_left_left,5926,5980,7308,7373,1328,63,66,2498.14909,0.0286046,20,0.2,7315,T,7318,C,0,T--C (94.25);  C--T (5.69);  T--T (0.06)
3241,828_left,27771,27823,29161,29247,1338,102,105,2444.60625,0.0415429,13,0.12,29209,A,29212,G,5.98,A--G (94);  T--A (5.89);  A--T (0.09);  A--A (0.03)
3244,975:binLong:6_left_left,27768,27816,29157,29263,1341,102,105,2386.5338,0.0147561,13,0.12,29209,A,29212,G,5.98,A--G (94);  T--A (5.89);  A--T (0.09);  A--A (0.03)
3246,886_left,27775,27818,29162,29242,1344,92,95,2453.28141,0.00972437,13,0.12,29209,A,29212,G,5.98,A--G (94);  T--A (5.89);  A--T (0.09);  A--A (0.03)
3247,1282_left,27776,27821,29166,29242,1345,90,93,2456.56887,0.00491082,13,0.12,29209,A,29212,G,5.98,A--G (94);  T--A (5.89);  A--T (0.09);  A--A (0.03)
3252,326_left,27755,27822,29182,29264,1360,87,151,2505.66485,0.00863774,29,0.3,29200,C,29264,T,0.2,C--T (94.08);  A--C (5.49);  G--C (0.2);  T--C (0.14);  T--T (0.09)
3255,187:binLong:25_left_left,27775,27828,29192,29238,1364,72,75,2350.4785,0.0344989,13,0.12,29209,A,29212,G,5.98,A--G (94);  T--A (5.89);  A--T (0.09);  A--A (0.03)
3260,423_left,27748,27820,29192,29269,1372,146,151,2932.52894,0.0205686,12,0.11,29264,T,29269,C,0,T--C (94.17);  C--T (5.83)
3263,172:binLong:7_left_left,13343,13414,14797,14847,1383,96,123,1899.64807,0.00732332,24,0.25,14820,A,14847,A,5.72,A--A (94.2);  G--C (5.66);  G--A (0.06);  T--G (0.06);  A--C (0.03)
3264,132:binLong:8_left_left,20208,20271,21660,21719,1389,82,83,3025.44879,0.00613101,26,0.27,21677,C,21678,C,0,C--C (98.92);  A--A (1);  T--T (0.09)
33,581_left,29708,29786,29723,29796,-63,52,63,2185.08133,0.00236355,18,0.18,29758,T,29769,C,5.73,T--C (93.58);  G--T (5.73);  ---C (0.2);  T--T (0.17);  ---- (0.14);  T--- (0.14);  C--C (0.03)
3344,185:binLong:47_left_left,5680,5722,8783,8833,3061,10,87,2221.78501,0.0374894,16,0.16,5689,A,8825,A,5.86,A--A (94.11);  T--G (5.8);  C--G (0.03);  G--A (0.03);  T--A (0.03)
3347,1022_left,5680,5709,8799,8835,3090,10,58,1744.95343,0.0305745,15,0.14,5689,A,8825,A,5.86,A--A (94.11);  T--G (5.8);  C--G (0.03);  G--A (0.03);  T--A (0.03)
3381,496:binLong:8_left_left,4974,5049,9517,9556,4468,22,108,1978.53764,0.0190474,7,0.04,4995,T,9548,A,99.97,T--A (94.34);  C--G (5.63);  C--A (0.03)
340,962_left,26944,27018,26995,27056,-23,29,74,1085.62918,0.0428298,33,0.34,26972,T,27017,T,0.09,T--T (94.11);  A--A (4.98);  G--A (0.4);  C--A (0.31);  A--T (0.09);  T--C (0.09);  A--G (0.03)
346,244:binShort:2_left_left,24541,24599,24576,24647,-23,32,37,1783.30565,0.0370522,12,0.11,24572,T,24577,G,94.28,T--G (94.22);  C--A (5.72);  C--G (0.06)
363,179_left,28652,28709,28687,28782,-22,76,77,2631.52004,0.0454196,15,0.14,28727,G,28728,C,94.05,G--C (94.05);  A--A (5.86);  T--C (0.09)
364,126:binShort:3_left_left,29009,29086,29064,29126,-22,64,65,2634.66351,0.0329309,28,0.29,29072,G,29073,C,94.17,G--C (94.14);  C--A (5.72);  T--C (0.11);  G--T (0.03)
369,633_left,10691,10772,10750,10823,-22,21,30,1876.61814,0.00898747,28,0.29,10711,T,10720,A,100,T--A (99.17);  C--G (0.83)
400,998_left,17933,17979,17958,18032,-21,12,87,2146.22759,0.0383439,13,0.12,17944,G,18019,A,0.11,G--A (94.05);  A--C (5.83);  T--A (0.11)
408,57:binShort:3_left_left,7719,7784,7763,7805,-21,14,32,2243.08895,0.0102176,19,0.19,7732,C,7750,A,0.14,C--A (94.05);  T--T (5.75);  T--A (0.14);  T--C (0.06)
420,69:binShort:3_left_left,23427,23485,23464,23544,-21,26,59,2827.86471,0.0288689,11,0.09,23452,T,23479,T,0.03,T--T (94.14);  A--A (5.75);  A--C (0.06);  A--T (0.03);  C--A (0.03)
425,496_left,9934,9995,9975,10032,-20,55,58,1757.93613,0.0225691,24,0.25,9988,C,9991,T,0,C--T (94.94);  T--C (5.04);  C--C (0.03)
427,543_left,29033,29128,29108,29155,-20,40,41,2601.45582,0.0173529,27,0.28,29072,G,29073,C,94.17,G--C (94.14);  C--A (5.72);  T--C (0.11);  G--T (0.03)
434,262:binShort:3_left_left,4156,4208,4188,4249,-20,10,80,2938.18116,0.00242711,10,0.08,4165,T,4235,A,94.22,T--A (94.22);  A--G (5.66);  C--C (0.11)
446,271:binShort:1_left_left,11296,11367,11347,11409,-20,35,103,1845.71067,0.0355847,11,0.09,11330,G,11398,T,99.89,G--T (94.22);  T--G (5.63);  A--A (0.11);  C--G (0.03)
450,142:binShort:1_left_left,10626,10702,10682,10741,-20,86,95,1998.91851,0.00174149,25,0.26,10711,T,10720,A,100,T--A (99.17);  C--G (0.83)
47,264:binShort:4_left_left,28652,28756,28697,28775,-59,76,77,2624.46325,0.0247675,15,0.14,28727,G,28728,C,94.05,G--C (94.05);  A--A (5.86);  T--C (0.09)
472,758_left,24517,24568,24549,24628,-19,47,49,1748.95483,0.0349667,30,0.31,24563,C,24565,T,1.48,C--T (98.41);  T--G (0.65);  T--A (0.57);  C--G (0.26);  C--A (0.11)
472,758_left,24517,24568,24549,24628,-19,56,61,1733.86492,0.046954,11,0.09,24572,T,24577,G,94.28,T--G (94.22);  C--A (5.72);  C--G (0.06)
475,426:binShort:1_left_left,28038,28077,28058,28129,-19,55,66,3012.44003,0.0476997,35,0.36,28092,T,28103,C,0,T--C (98.8);  C--A (0.86);  A--G (0.14);  T--T (0.11);  A--A (0.06);  ---- (0.03)
483,354:binShort:1_left_left,2080,2138,2119,2168,-19,26,84,3139.00956,0.017396,11,0.09,2105,A,2163,A,0.03,A--A (94.31);  T--C (5.66);  C--G (0.03)
495,212:binShort:3_left_left,17417,17465,17446,17505,-19,41,44,1762.10561,0.0232974,37,0.38,17457,A,17460,A,0.31,A--A (94.82);  C--C (4.07);  C--G (0.31);  C--T (0.31);  T--T (0.28);  G--A (0.14);  T--C (0.06)
505,123:binShort:3_left_left,19789,19842,19824,19900,-18,39,69,1955.01792,0.00376788,21,0.21,19827,G,19857,T,94.25,G--T (94.2);  T--C (5.66);  A--T (0.06);  C--T (0.06);  C--C (0.03)
505,123:binShort:3_left_left,19789,19842,19824,19900,-18,30,39,1910.08964,0.00585512,30,0.31,19818,A,19827,G,5.86,A--G (94.03);  G--T (5.66);  T--G (0.11);  G--G (0.06);  T--A (0.06);  A--C (0.03);  C--C (0.03);  G--C (0.03)
505,123:binShort:3_left_left,19789,19842,19824,19900,-18,30,69,1878.96101,0.00802079,23,0.24,19818,A,19857,T,99.8,A--T (94.05);  G--C (5.69);  T--T (0.17);  G--T (0.06);  C--T (0.03)
505,123:binShort:3_left_left,19789,19842,19824,19900,-18,39,42,1732.70773,0.0351375,21,0.21,19827,G,19830,A,5.72,G--A (94.2);  T--G (5.6);  A--G (0.06);  C--G (0.06);  T--A (0.06);  C--A (0.03)
52,837_left,28653,28737,28681,28761,-56,75,76,2540.4303,0.00306567,15,0.14,28727,G,28728,C,94.05,G--C (94.05);  A--A (5.86);  T--C (0.09)
531,409:binShort:2_left_left,16165,16209,16191,16252,-18,16,69,1669.18884,0.00238406,19,0.19,16180,A,16233,A,5.15,A--A (94.71);  C--G (5.15);  A--G (0.09);  C--A (0.06)
57,86:binShort:2_left_left,29012,29103,29051,29126,-52,61,62,2669.14809,0.0280964,27,0.28,29072,G,29073,C,94.17,G--C (94.14);  C--A (5.72);  T--C (0.11);  G--T (0.03)
58,284_left,28471,28537,28486,28586,-51,10,25,2185.136,0.00802265,12,0.11,28480,A,28495,T,94.31,A--T (94.25);  C--C (5.63);  G--C (0.03);  G--T (0.03);  T--C (0.03);  T--T (0.03)
593,223:binShort:3_left_left,4504,4591,4574,4640,-17,13,100,2509.21947,0.00713746,21,0.21,4516,T,4603,T,0,T--T (94.59);  C--C (5.35);  T--C (0.06)
606,208:binShort:3_left_left,19771,19816,19799,19875,-17,57,87,1600.9272,0.0109372,21,0.21,19827,G,19857,T,94.25,G--T (94.2);  T--C (5.66);  A--T (0.06);  C--T (0.06);  C--C (0.03)
608,18:binShort:1_left_left,21613,21652,21635,21685,-17,85,86,3343.86683,0.000501058,26,0.27,21677,C,21678,C,0,C--C (98.92);  A--A (1);  T--T (0.09)
609,108:binShort:1_left_left,4066,4127,4110,4150,-17,37,52,2537.41503,0.0462759,33,0.34,4102,A,4117,A,0.06,A--A (94.65);  T--T (5.18);  A--C (0.03);  A--G (0.03);  A--T (0.03);  C--T (0.03);  G--A (0.03);  G--C (0.03)
61,125:binShort:1_left_left,28676,28764,28713,28783,-51,52,53,2867.46718,0.0365442,15,0.14,28727,G,28728,C,94.05,G--C (94.05);  A--A (5.86);  T--C (0.09)
611,60:binShort:4_left_left,14755,14815,14798,14851,-17,66,93,2216.37353,0.0439395,22,0.23,14820,A,14847,A,5.72,A--A (94.2);  G--C (5.66);  G--A (0.06);  T--G (0.06);  A--C (0.03)
612,21:binShort:1_left_left,29038,29120,29103,29149,-17,35,36,2561.85252,0.00720849,31,0.32,29072,G,29073,C,94.17,G--C (94.14);  C--A (5.72);  T--C (0.11);  G--T (0.03)
618,688:binShort:4_left_left,29013,29089,29073,29134,-16,60,61,2668.49707,0.0415976,31,0.32,29072,G,29073,C,94.17,G--C (94.14);  C--A (5.72);  T--C (0.11);  G--T (0.03)
644,69:binShort:4_left_left,25001,25061,25045,25118,-16,27,90,2614.93501,0.0404761,7,0.04,25027,T,25090,T,0,T--T (94.2);  C--C (5.78);  C--T (0.03)
656,53:binShort:4_left_left,4128,4179,4163,4215,-16,9,12,2576.33465,0.027978,10,0.08,4136,G,4139,C,94.08,G--C (94.08);  A--A (5.92)
667,785_left,15119,15174,15159,15219,-15,41,53,2439.70881,0.0131312,19,0.19,15159,A,15171,A,0,A--A (94.2);  G--G (5.75);  G--A (0.06)
688,246:binShort:2_left_left,9953,10010,9995,10058,-15,36,39,1791.89063,0.0110463,22,0.23,9988,C,9991,T,0,C--T (94.94);  T--C (5.04);  C--C (0.03)
703,360:binShort:1_left_left,27559,27643,27628,27667,-15,55,56,2902.3591,0.0390536,12,0.11,27613,G,27614,T,94.16,G--T (94.14);  A--C (5.84);  A--T (0.03)
730,129:binShort:2_left_left,9899,9955,9941,10000,-14,90,93,1840.62376,0.0059209,22,0.23,9988,C,9991,T,0,C--T (94.94);  T--C (5.04);  C--C (0.03)
731,330:binShort:2_left_left,28978,29023,29009,29087,-14,95,96,3093.43262,0.00300116,25,0.26,29072,G,29073,C,94.17,G--C (94.14);  C--A (5.72);  T--C (0.11);  G--T (0.03)
733,225:binShort:1_left_left,19776,19818,19804,19872,-14,52,82,1537.61926,0.00773141,21,0.21,19827,G,19857,T,94.25,G--T (94.2);  T--C (5.66);  A--T (0.06);  C--T (0.06);  C--C (0.03)
735,167:binShort:4_left_left,28332,28419,28405,28455,-14,104,116,2880.93083,0.0227289,12,0.11,28435,C,28447,A,0,C--A (94.28);  A--G (5.72)
738,124:binShort:3_left_left,28982,29021,29007,29073,-14,91,92,3218.6186,0.0454277,23,0.24,29072,G,29073,C,94.17,G--C (94.14);  C--A (5.72);  T--C (0.11);  G--T (0.03)
777,427:binShort:1_left_left,27552,27616,27603,27668,-13,62,63,2950.14816,0.0398243,12,0.11,27613,G,27614,T,94.16,G--T (94.14);  A--C (5.84);  A--T (0.03)
781,161:binShort:2_left_left,15121,15191,15178,15229,-13,39,51,2336.17574,0.01998,17,0.17,15159,A,15171,A,0,A--A (94.2);  G--G (5.75);  G--A (0.06)
803,21:binShort:3_left_left,29174,29241,29228,29301,-13,91,96,1661.85085,0.037597,12,0.11,29264,T,29269,C,0,T--C (94.14);  C--T (5.86)
806,505_left,26202,26252,26240,26320,-12,28,30,1412.03289,0.0114263,7,0.04,26229,T,26231,A,94.34,T--A (94.34);  A--G (5.66)
806,505_left,26202,26252,26240,26320,-12,29,30,1412.03289,0.0114263,7,0.04,26230,G,26231,A,0,G--A (94.34);  A--G (5.66)
806,505_left,26202,26252,26240,26320,-12,28,29,1412.03289,0.0114263,6,0.03,26229,T,26230,G,94.34,T--G (94.34);  A--A (5.66)
869,658_left,9904,9952,9941,10003,-11,85,88,1862.26903,0.000189353,21,0.21,9988,C,9991,T,0,C--T (94.94);  T--C (5.04);  C--C (0.03)
883,89:binShort:3_left_left,28398,28454,28443,28494,-11,38,50,2779.26357,0.0117894,12,0.11,28435,C,28447,A,0,C--A (94.28);  A--G (5.72)
883,89:binShort:3_left_left,28398,28454,28443,28494,-11,38,86,2683.96162,0.026419,15,0.14,28435,C,28483,A,0,C--A (94.28);  A--G (5.63);  A--A (0.09)
883,89:binShort:3_left_left,28398,28454,28443,28494,-11,50,86,2683.96162,0.026419,15,0.14,28447,A,28483,A,0,A--A (94.28);  G--G (5.63);  G--A (0.09)
906,159:binShort:4_left_left,12809,12856,12845,12903,-11,18,20,1869.71064,0.00702203,12,0.11,12826,T,12828,T,0,T--T (94.2);  C--A (5.8)
935,363:binShort:4_left_left,597,650,640,719,-10,81,82,2123.24944,0.024757,9,0.07,677,G,678,C,99.97,G--C (94.22);  A--T (5.75);  A--C (0.03)
935,363:binShort:4_left_left,597,650,640,719,-10,11,20,2075.88496,0.0419241,12,0.11,607,A,616,T,94.65,A--T (94.34);  C--A (5.35);  C--G (0.31)
938,557:binShort:3_left_left,19803,19858,19848,19894,-10,25,55,1825.02042,0.0148838,21,0.21,19827,G,19857,T,94.25,G--T (94.2);  T--C (5.66);  A--T (0.06);  C--T (0.06);  C--C (0.03)
938,557:binShort:3_left_left,19803,19858,19848,19894,-10,16,25,1825.66288,0.0148838,30,0.31,19818,A,19827,G,5.86,A--G (94.03);  G--T (5.66);  T--G (0.11);  G--G (0.06);  T--A (0.06);  A--C (0.03);  C--C (0.03);  G--C (0.03)
938,557:binShort:3_left_left,19803,19858,19848,19894,-10,16,55,1776.76772,0.0250795,23,0.24,19818,A,19857,T,99.8,A--T (94.05);  G--C (5.69);  T--T (0.17);  G--T (0.06);  C--T (0.03)
951,370:binShort:3_left_left,10745,10789,10779,10836,-10,12,81,2138.054,0.0349234,11,0.09,10756,T,10825,T,0.03,T--T (94.28);  A--A (5.58);  A--G (0.03);  C--T (0.03);  G--A (0.03);  T--A (0.03);  T--C (0.03)
953,173:binShort:1_left_left,15097,15154,15144,15205,-10,63,75,2512.89149,0.000449152,19,0.19,15159,A,15171,A,0,A--A (94.2);  G--G (5.75);  G--A (0.06)
96,531_left,28270,28340,28298,28387,-42,39,55,2621.35389,0.00458043,13,0.12,28305,A,28321,G,0.03,A--G (94.05);  G--A (5.83);  A--A (0.09);  A--T (0.03)
960,444:binShort:3_left_left,12811,12852,12842,12904,-10,16,18,1777.41213,0.0126944,12,0.11,12826,T,12828,T,0,T--T (94.2);  C--A (5.8)
981,412:binShort:1_left_left,28717,28776,28767,28798,-9,11,12,2767.57685,0.038483,15,0.14,28727,G,28728,C,94.05,G--C (94.05);  A--A (5.86);  T--C (0.09)
99,869_left,26923,26988,26946,27017,-42,50,95,1313.23701,0.0254399,35,0.36,26972,T,27017,T,0.09,T--T (94.11);  A--A (4.98);  G--A (0.4);  C--A (0.31);  A--T (0.09);  T--C (0.09);  A--G (0.03)
