Position.1.in.non.aligned.Sequence,Nucleotide.1.in.non.aligned.Sequence,Position.2.in.non.aligned.Sequence,Nucleotide.2.in.non.aligned.Sequence,Distance,Per.cent.base.pairing.nt.combination,Position.nt.pair.composition,Mean.gap,Mean.score,Mean.E.value,Mean.substitutions,Mean.power,most_common_BP,secondary_BP_freq
16062,T,16095,A,33,100,T--A (99.46);  C--G (0.54),-49.5,552.9,0.0026,12,0.11,99.46,100
10651,T,10669,A,18,100,T--A (95.71);  C--G (4.29),44.6,579.2,0.0207,10.2,0.08,95.71,100
11737,T,11782,A,45,100,T--A (95.53);  C--G (4.47),134,583.2,0.0192,10,0.08,95.53,100
1813,T,1845,A,32,99.82,T--A (95.89);  C--G (3.94);  A--G (0.18),97,587.7,0.0249,16,0.16,95.89,95.63
16140,A,16185,T,45,100,A--T (97.14);  G--C (2.86),6.8,569.4,0.0196,20,0.2,97.14,100
4501,A,4634,T,133,100,A--T (99.28);  G--C (0.72),71.1,678,0.0113,14.1,0.13,99.28,100
4528,A,4639,T,111,100,A--T (99.28);  G--C (0.72),66,661.9,0.0102,14.8,0.14,99.28,100
6118,T,6319,A,201,100,T--A (99.46);  C--G (0.36);  A--T (0.18),101.5,627.3,0.0155,11.8,0.1,99.46,100
15435,A,15453,T,18,100,A--T (95.53);  G--C (4.47),1414.9,533.7,0.0261,11.4,0.1,95.53,100
11884,C,12031,G,147,100,C--G (99.28);  T--A (0.72),140,642.4,0.001,18,0.18,99.28,100
25965,A,26007,T,42,100,A--T (95.53);  G--C (4.47),-27.7,600.3,0.0324,12,0.11,95.53,100
17244,A,17253,T,9,100,A--T (96.06);  G--C (3.94),23.1,610.6,0.02,12.8,0.12,96.06,100
17112,T,17244,A,132,100,T--A (96.06);  C--G (3.94),53.8,600.8,0.0265,13.4,0.12,96.06,100
17772,T,17829,A,57,100,T--A (96.06);  C--G (3.94),38,593.4,0.0078,12,0.11,96.06,100
12025,C,12031,G,6,100,C--G (99.28);  T--A (0.72),180.7,629.4,0.0126,17.6,0.18,99.28,100
16677,G,16716,C,39,100,G--C (98.93);  A--T (1.07),164.2,591.4,0.0187,13.1,0.12,98.93,100
11917,A,12313,T,396,100,A--T (95.35);  T--A (4.65),318,586.6,0,10,0.08,95.35,100
1951,A,2038,T,87,100,A--T (95.89);  G--C (3.94);  T--A (0.18),22.3,708.3,0.0116,14.3,0.13,95.89,100
3755,G,3768,C,13,100,G--C (99.28);  A--T (0.72),884.5,610.9,0.0361,8.5,0.06,99.28,100
28507,C,28727,G,220,99.82,C--G (95.35);  T--A (4.47);  C--T (0.18),147.8,561,0.0184,9,0.07,95.35,96.13
11821,T,12271,A,450,100,T--A (99.46);  C--G (0.54),334.2,587.5,0.0131,8.7,0.06,99.46,100
4528,A,4537,T,9,100,A--T (99.28);  G--C (0.72),-14,661.1,0.0105,10.5,0.08,99.28,100
7807,A,7814,T,7,100,A--T (95.53);  G--C (4.47),34,583.7,0.0114,8,0.05,95.53,100
11881,A,12145,T,264,99.82,A--T (95.71);  G--C (4.11);  T--T (0.18),180,597.2,0.044,11,0.09,95.71,95.8
11383,G,11812,C,429,99.64,G--C (95.17);  A--T (4.47);  G--A (0.36),396.7,524.4,0.0142,14,0.13,95.17,92.55
7816,T,8197,A,381,100,T--A (95.53);  A--T (2.33);  G--C (2.15),333,600.2,0.0231,16,0.16,95.53,100
4881,G,4900,C,19,99.82,G--C (95.71);  A--T (4.11);  T--T (0.18),667,596.8,0.0281,14,0.13,95.71,95.8
10711,T,10720,A,9,100,T--A (99.11);  C--G (0.89),321.7,591,0.0135,14,0.13,99.11,100
14256,A,14301,T,45,100,A--T (99.64);  G--C (0.36),286,541.8,0.0108,12,0.11,99.64,100
5485,T,5503,A,18,100,T--A (99.46);  C--G (0.54),-14,545.7,0.0158,8,0.05,99.46,100
4528,A,4536,T,8,100,A--T (99.28);  G--C (0.72),0,661,0,8,0.05,99.28,100
4103,A,4995,T,892,100,A--T (95.71);  G--C (4.29),848,566.1,0.0494,10,0.08,95.71,100
4103,A,4138,T,35,100,A--T (95.71);  G--C (4.29),848,566.1,0.0494,10,0.08,95.71,100
16023,T,16032,A,9,99.82,T--A (95.35);  A--T (4.47);  C--A (0.18),-7,554.8,0.0016,10,0.08,95.35,96.13
17487,A,17589,T,102,100,A--T (99.28);  T--A (0.72),61,535.8,0.0164,10,0.08,99.28,100
1825,C,1895,G,70,100,C--G (95.53);  T--A (4.47),-22,602.7,0.0377,12,0.11,95.53,100
14409,T,14439,A,30,100,T--A (99.64);  A--T (0.36),-8,542.5,0.0449,9,0.07,99.64,100
5891,A,7474,T,1583,100,A--T (99.64);  G--C (0.36),1537,552.2,0.0176,10,0.08,99.64,100
20475,A,20505,T,30,100,A--T (99.64);  G--C (0.18);  T--A (0.18),26,558.1,0.0226,4,0,99.64,100
28495,T,28508,A,13,99.82,T--A (95.53);  C--G (4.29);  C--T (0.18),130,556.6,0.0013,13,0.12,95.53,95.97
9055,A,9070,T,15,100,A--T (95.53);  G--C (4.47),419.5,639.5,0.0033,14,0.13,95.53,100
20353,T,20388,A,35,100,T--A (95.71);  C--G (4.29),-2,576.3,0.039,10,0.08,95.71,100
18177,T,18195,A,18,99.64,T--A (95.17);  A--T (4.29);  T--C (0.36);  C--G (0.18),622,573.9,0.0475,17,0.17,95.17,92.55
14010,A,14059,T,49,100,A--T (99.28);  G--C (0.72),103,558.8,0.0444,10,0.08,99.28,100
14010,A,14043,T,33,100,A--T (99.28);  G--C (0.72),103,558.8,0.0444,10,0.08,99.28,100
6193,A,6304,T,111,100,A--T (99.64);  C--G (0.18);  G--C (0.18),77,632.1,0.0032,4,0,99.64,100
16581,A,16599,T,18,99.82,A--T (95.35);  T--A (4.47);  C--A (0.18),-12,527.7,0.0056,8,0.05,95.35,96.13
3496,G,3511,C,15,100,G--C (99.63);  A--T (0.37),165,623.4,0.001,4,0,99.63,100
14224,A,14251,T,27,100,A--T (95.89);  G--C (4.11),125,532,0.0326,14,0.13,95.89,100
1600,T,1629,A,29,99.82,T--A (95.89);  C--G (3.94);  ---A (0.18),735,572.3,0.0245,13,0.12,95.89,95.63
