Cluster.number,Cluster.ID,LS,LE,RS,RE,Gap,Pos.1.in.alignemnt,Pos.2.in.alignment,Score,E.value,Substitutions,Power,Position.1.in.non-aligned.sequence,Position.1.in.sgRNA,Nucleotide.1.in.non-aligned.sequence,Position.2.in non-aligned.sequence,Position.2.in.sgRNA,Nucleotide.2.in.non-aligned.sequence,Per.cent.base.pairing.nt.combination,Position.nt.pair.composition
100,1058:binLong:1 left left,5375,5433,5593,5627,160,17,19,139.83306,9.79113e-07,8,0.05,26877,5391,C,26879,5393,T,2.19,C--T (97.81);  T--G (2.19)
1001,174:binLong:24 left left,5021,5054,5857,5911,803,25,52,134.17082,0.0333961,12,0.11,26528,5042,A,26540,5054,T,100,A--T (96.35);  T--G (3.65)
1015,17:binShort:7 left left,2533,2592,2581,2621,-11,10,88,151.80519,0.00358106,12,0.11,24028,2542,T,24106,2620,C,0,T--C (97.08);  C--T (2.92)
1015,17:binShort:7 left left,2533,2592,2581,2621,-11,28,61,142.87778,0.0280854,6,0.03,24046,2560,T,24079,2593,T,0,T--T (96.35);  C--A (3.65)
1015,17:binShort:7 left left,2533,2592,2581,2621,-11,58,61,142.87778,0.0280854,6,0.03,24076,2590,T,24079,2593,T,0,T--T (96.35);  C--A (3.65)
1015,17:binShort:7 left left,2533,2592,2581,2621,-11,28,58,142.87778,0.0280854,6,0.03,24046,2560,T,24076,2590,T,0,T--T (96.35);  C--C (3.65)
1017,18 left,4751,4806,4812,4863,6,32,90,54.90349,0.0112563,4,0,26268,4782,G,26331,4845,T,94.89,G--T (94.16);  A--C (5.11);  G--C (0.73)
1020,180:binLong:50 left left,7339,7409,7627,7686,218,4,63,147.92623,0.0123411,4,0,28828,7342,T,28887,7401,C,0,T--C (96.35);  C--A (3.65)
1022,181 left,7005,7077,7234,7285,157,5,18,144.9534,4.41036e-07,7,0.04,28495,7009,T,28508,7022,A,100,T--A (96.35);  C--G (3.65)
1024,182 left,5217,5273,5408,5474,135,61,71,131.24416,0.0122718,10,0.08,26897,5411,T,26907,5421,C,0,T--C (95.62);  A--G (2.19);  G--G (1.46);  C--T (0.73)
103,105:binLong:29 left left,5057,5131,5502,5553,371,23,93,143.41548,0.000462865,8,0.05,26565,5079,A,27005,5519,C,0,A--C (97.08);  C--T (2.92)
1039,189 left,7360,7412,7414,7479,2,34,105,147.98391,0.0127467,8,0.05,28879,7393,T,28951,7465,A,100,T--A (97.81);  C--G (2.19)
104,106 left,7153,7211,7195,7285,-16,4,7,145.92997,0.0403783,6,0.03,28642,7156,T,28645,7159,T,0,T--T (96.35);  C--C (3.65)
1041,189:binLong:67 left left,1911,1963,2017,2078,54,11,29,155.59879,0.0406847,10,0.08,23407,1921,T,23425,1939,T,0.73,T--T (98.54);  A--A (0.73);  G--C (0.73)
1046,190:binShort:10 left left,4480,4529,4523,4565,-6,42,60,159.49479,6.78609e-08,9,0.07,26007,4521,T,26025,4539,T,0,T--T (95.62);  C--C (4.38)
1058,198:binLong:16 left left,3961,4013,4285,4317,272,62,86,165.41271,2.799e-06,8,0.05,25779,4293,T,25803,4317,C,2.19,T--C (97.81);  G--T (2.19)
1058,198:binLong:16 left left,3961,4013,4285,4317,272,28,71,140.65706,0.0144889,8,0.05,25474,3988,T,25788,4302,A,96.35,T--A (96.35);  A--G (3.65)
1074,203:binLong:15 left left,6838,6871,7339,7392,468,11,38,144.50634,0.00149452,10,0.08,28334,6848,T,28828,7342,T,0,T--T (96.35);  A--C (3.65)
1090,211 left,4044,4095,4279,4320,184,67,91,148.54649,0.000171488,8,0.05,25779,4293,T,25803,4317,C,2.19,T--C (97.81);  G--T (2.19)
1091,211:binLong:33 left left,7245,7334,7339,7382,5,65,94,146.83031,0.0298461,6,0.03,28795,7309,A,28828,7342,T,100,A--T (96.35);  G--C (3.65)
1092,211:binLong:47 left left,7884,7950,8008,8060,58,30,62,129.35999,0.00979693,10,0.08,29399,7913,G,29431,7945,G,0,G--G (96.35);  A--A (3.65)
1092,211:binLong:47 left left,7884,7950,8008,8060,58,30,110,123.05748,0.0385039,10,0.08,29399,7913,G,29530,8044,C,96.35,G--C (95.62);  A--A (3.65);  G--T (0.73)
1092,211:binLong:47 left left,7884,7950,8008,8060,58,62,110,123.05748,0.0385039,10,0.08,29431,7945,G,29530,8044,C,96.35,G--C (95.62);  A--A (3.65);  G--T (0.73)
1101,216:binLong:23 left left,2178,2223,3479,3529,1256,12,79,151.13676,0.00172974,9,0.07,23675,2189,G,24994,3508,A,0,G--A (96.35);  A--G (3.65)
1108,219:binLong:1 left left,5388,5462,5581,5633,119,4,54,136.79585,7.50588e-07,8,0.05,26877,5391,C,26927,5441,A,2.19,C--A (97.81);  T--G (2.19)
1108,219:binLong:1 left left,5388,5462,5581,5633,119,6,54,136.79585,7.50588e-07,9,0.07,26879,5393,T,26927,5441,A,97.81,T--A (97.81);  G--G (2.19)
1108,219:binLong:1 left left,5388,5462,5581,5633,119,4,6,136.79585,7.50588e-07,9,0.07,26877,5391,C,26879,5393,T,2.19,C--T (97.81);  T--G (2.19)
1111,21:binLong:27 left left,7226,7278,7443,7497,165,55,59,139.15882,4.2005e-08,10,0.08,28930,7444,T,28934,7448,T,0,T--T (96.35);  C--C (3.65)
1136,23 left,6273,6320,7663,7759,1343,2,100,155.18172,0.00262994,13,0.12,27760,6274,T,29200,7714,C,0.73,T--C (94.89);  A--A (2.92);  A--G (0.73);  G--T (0.73);  T--T (0.73)
1137,230 left,5026,5073,5486,5552,413,20,47,138.4652,0.000128206,12,0.11,26528,5042,A,26540,5054,T,100,A--T (96.35);  T--G (3.65)
1142,231:binShort:9 left left,4478,4537,4532,4604,-5,2,62,161.27603,3.77003e-16,9,0.07,25965,4479,A,26025,4539,T,100,A--T (95.62);  G--C (4.38)
1142,231:binShort:9 left left,4478,4537,4532,4604,-5,44,62,161.27603,3.77003e-16,10,0.08,26007,4521,T,26025,4539,T,0,T--T (95.62);  C--C (4.38)
1142,231:binShort:9 left left,4478,4537,4532,4604,-5,2,44,161.27603,3.77003e-16,9,0.07,25965,4479,A,26007,4521,T,100,A--T (95.62);  G--C (4.38)
1142,231:binShort:9 left left,4478,4537,4532,4604,-5,89,113,132.39246,0.000622438,8,0.05,26052,4566,T,26076,4590,T,1.46,T--T (97.81);  C--G (1.46);  C--A (0.73)
1146,235 left,7321,7371,7360,7420,-11,22,81,136.65251,0.0331707,10,0.08,28828,7342,T,28887,7401,C,0,T--C (96.35);  C--A (3.65)
1153,238:binLong:39 left left,7700,7739,7993,8053,254,15,98,147.82307,5.1361e-05,16,0.16,29200,7714,C,29530,8044,C,0,C--C (94.89);  A--A (2.92);  G--A (0.73);  T--C (0.73);  T--T (0.73)
1153,238:binLong:39 left left,7700,7739,7993,8053,254,21,49,130.77267,0.00834848,8,0.05,29206,7720,T,29487,8001,A,100,T--A (96.35);  C--G (3.65)
1166,243 left,7370,7486,7578,7640,92,126,127,144.92574,0.0240282,9,0.07,29072,7586,G,29073,7587,C,95.62,G--C (95.62);  C--A (4.38)
1168,244 left,3957,4009,4036,4092,27,2,7,139.61334,0.0153609,4,0,25444,3958,G,25449,3963,A,0,G--A (98.54);  A--G (1.46)
117,1068 left,6408,6446,6747,6814,301,34,40,116.45135,0.0130329,8,0.05,27923,6437,C,27929,6443,T,0.74,C--T (97.78);  ---T (0.74);  G--A (0.74);  T--A (0.74)
1170,245:binLong:39 left left,3950,3995,4136,4184,141,71,74,147.74062,0.00942114,9,0.07,25645,4159,T,25648,4162,T,0,T--T (95.62);  C--C (4.38)
1170,245:binLong:39 left left,3950,3995,4136,4184,141,9,14,141.57484,0.0244495,12,0.11,25444,3958,G,25449,3963,A,0,G--A (98.54);  A--G (1.46)
1180,252 left,6860,6973,7632,7670,659,20,114,145.17291,0.0499287,10,0.08,28365,6879,A,28459,6973,A,0,A--A (96.35);  G--G (3.65)
1188,256:binLong:17 left left,7027,7076,7329,7408,253,64,123,138.00718,0.0408573,10,0.08,28828,7342,T,28887,7401,C,0,T--C (96.35);  C--A (3.65)
1189,257 left,5404,5459,5483,5550,24,8,60,144.32602,0.000707062,14,0.13,26897,5411,T,26972,5486,T,0,T--T (95.62);  A--C (2.19);  G--A (1.46);  C--A (0.73)
1196,26 left,7012,7076,7478,7556,402,11,137,144.1689,0.0447646,6,0.03,28508,7022,A,29035,7549,T,96.35,A--T (96.35);  G--A (3.65)
120,106:binLong:39 left left,4476,4523,4539,4579,16,4,49,148.63818,6.90308e-08,9,0.07,25965,4479,A,26025,4539,T,100,A--T (95.62);  G--C (4.38)
120,106:binLong:39 left left,4476,4523,4539,4579,16,46,49,148.63818,6.90308e-08,10,0.08,26007,4521,T,26025,4539,T,0,T--T (95.62);  C--C (4.38)
120,106:binLong:39 left left,4476,4523,4539,4579,16,4,46,148.63818,6.90308e-08,9,0.07,25965,4479,A,26007,4521,T,100,A--T (95.62);  G--C (4.38)
1202,261:binLong:17 left left,2200,2240,2755,2820,515,48,75,136.20518,0.0183081,7,0.04,24247,2761,A,24274,2788,T,100,A--T (97.81);  G--C (2.19)
1203,261:binLong:56 left left,6032,6096,6128,6176,32,62,76,153.92306,0.0477615,10,0.08,27579,6093,A,27624,6138,A,0.73,A--A (96.35);  T--T (2.19);  C--G (0.73);  C--T (0.73)
1207,263:binLong:10 left left,6269,6322,7678,7764,1356,6,91,158.58375,0.000158003,14,0.13,27760,6274,T,29200,7714,C,0.73,T--C (94.89);  A--A (2.92);  A--G (0.73);  G--T (0.73);  T--T (0.73)
1209,264 left,7345,7403,7574,7640,171,72,73,149.8851,0.000653331,10,0.08,29072,7586,G,29073,7587,C,95.62,G--C (95.62);  C--A (4.38)
1211,266 left,6701,6762,6754,6812,-8,2,22,139.76993,6.00604e-07,6,0.03,28188,6702,G,28205,6719,C,100,G--C (96.3);  A--T (3.7)
1217,268:binLong:59 left left,6827,6891,6980,7013,89,35,83,143.0671,0.0351327,4,0,28347,6861,G,28483,6997,A,0,G--A (94.89);  A--G (5.11)
1217,268:binLong:59 left left,6827,6891,6980,7013,89,38,83,143.0671,0.0351327,4,0,28350,6864,G,28483,6997,A,0,G--A (94.89);  A--G (5.11)
1217,268:binLong:59 left left,6827,6891,6980,7013,89,35,38,143.0671,0.0351327,4,0,28347,6861,G,28350,6864,G,0,G--G (94.89);  A--A (5.11)
1243,279:binLong:61 left left,6953,7005,7316,7383,311,21,80,141.09264,0.0296696,9,0.07,28459,6973,A,28828,7342,T,100,A--T (96.35);  G--C (3.65)
1243,279:binLong:61 left left,6953,7005,7316,7383,311,42,80,141.09264,0.0296696,8,0.05,28480,6994,A,28828,7342,T,96.35,A--T (96.35);  C--C (3.65)
1243,279:binLong:61 left left,6953,7005,7316,7383,311,21,42,141.09264,0.0296696,9,0.07,28459,6973,A,28480,6994,A,3.65,A--A (96.35);  G--C (3.65)
1250,280:binLong:18 left left,5008,5056,5490,5573,434,38,65,140.024,0.00310718,11,0.09,26528,5042,A,26540,5054,T,100,A--T (96.35);  T--G (3.65)
1265,287:binShort:2 left left,4476,4527,4523,4568,-4,4,64,155.63933,0.000502153,9,0.07,25965,4479,A,26025,4539,T,100,A--T (95.62);  G--C (4.38)
1265,287:binShort:2 left left,4476,4527,4523,4568,-4,46,64,155.63933,0.000502153,9,0.07,26007,4521,T,26025,4539,T,0,T--T (95.62);  C--C (4.38)
1265,287:binShort:2 left left,4476,4527,4523,4568,-4,4,46,155.63933,0.000502153,10,0.08,25965,4479,A,26007,4521,T,100,A--T (95.62);  G--C (4.38)
1272,290 left,6270,6320,7684,7773,1364,5,82,162.36611,0.000660349,13,0.12,27760,6274,T,29200,7714,C,0.73,T--C (94.89);  A--A (2.92);  A--G (0.73);  G--T (0.73);  T--T (0.73)
1273,291 left,7360,7439,7440,7503,1,34,106,145.4052,0.00240609,8,0.05,28879,7393,T,28951,7465,A,100,T--A (97.81);  C--G (2.19)
1278,292:binLong:6 left left,6824,6878,7512,7617,634,130,131,141.14967,0.0180452,10,0.08,29072,7586,G,29073,7587,C,95.62,G--C (95.62);  C--A (4.38)
1289,299:binShort:7 left left,6199,6243,6244,6276,1,27,76,170.59808,0.0347921,6,0.03,27711,6225,A,27760,6274,T,99.26,A--T (95.59);  T--A (3.68);  G--G (0.74)
130,1077 left,6353,6386,6416,6478,30,60,70,141.11224,0.0321414,4,0,27923,6437,C,27933,6447,G,97.78,C--G (96.3);  C--- (1.48);  ---G (0.74);  G--T (0.74);  T--A (0.74)
1307,306 left,5265,5328,5310,5384,-18,3,69,159.834,0.0184586,14,0.13,26753,5267,C,26819,5333,T,0,C--T (94.16);  T--C (3.65);  A--A (2.19)
131,1078 left,4485,4557,4615,4647,58,37,55,149.28378,3.47907e-05,10,0.08,26007,4521,T,26025,4539,T,0,T--T (95.62);  C--C (4.38)
1310,307 left,6271,6319,7688,7777,1369,4,76,160.20926,3.02791e-05,13,0.12,27760,6274,T,29200,7714,C,0.73,T--C (94.89);  A--A (2.92);  A--G (0.73);  G--T (0.73);  T--T (0.73)
1313,309 left,5019,5060,5112,5174,52,27,54,130.20562,0.00112882,12,0.11,26528,5042,A,26540,5054,T,100,A--T (96.35);  T--G (3.65)
1315,309:binLong:71 left left,7693,7742,7769,7839,27,1,92,146.11868,8.53312e-07,7,0.04,29179,7693,G,29296,7810,C,100,G--C (97.81);  A--T (2.19)
1318,30:binShort:9 left left,7349,7420,7413,7465,-7,45,117,145.71906,0.00847373,7,0.04,28879,7393,T,28951,7465,A,100,T--A (97.81);  C--G (2.19)
1324,311:binLong:28 left left,1896,1954,2076,2110,122,26,44,148.84595,0.0114071,10,0.08,23407,1921,T,23425,1939,T,0.73,T--T (98.54);  A--A (0.73);  G--C (0.73)
1324,311:binLong:28 left left,1896,1954,2076,2110,122,45,46,145.03642,0.0227797,6,0.03,23426,1940,G,23427,1941,T,96.35,G--T (96.35);  A--C (3.65)
1327,312:binLong:12 left left,3924,3987,4276,4328,289,82,106,155.39578,0.0193431,8,0.05,25779,4293,T,25803,4317,C,2.19,T--C (97.81);  G--T (2.19)
1336,317 left,7343,7401,7511,7605,110,135,136,150.24668,0.00590337,9,0.07,29072,7586,G,29073,7587,C,95.62,G--C (95.62);  C--A (4.38)
1341,319 left,6856,6970,7602,7646,632,49,120,143.85181,0.0037704,11,0.09,28390,6904,A,29092,7606,T,97.81,A--T (97.81);  G--A (2.19)
1359,327:binLong:16 left left,7855,7908,8359,8407,451,55,58,95.35394,0.0199171,2,0,29845,8359,T,29848,8362,T,0,T--T (99.16);  G--G (0.84)
1359,327:binLong:16 left left,7855,7908,8359,8407,451,57,58,95.35394,0.0199171,2,0,29847,8361,T,29848,8362,T,0,T--T (99.16);  G--G (0.84)
1359,327:binLong:16 left left,7855,7908,8359,8407,451,55,57,95.35394,0.0199171,2,0,29845,8359,T,29847,8361,T,0,T--T (99.16);  G--G (0.84)
1369,332:binLong:35 left left,3260,3331,3523,3583,192,4,35,137.73922,0.0388687,8,0.05,24749,3263,T,24780,3294,A,100,T--A (97.08);  C--G (2.92)
1374,335 left,4983,5027,5376,5431,349,61,63,135.31061,0.0429456,8,0.05,26877,5391,C,26879,5393,T,2.19,C--T (97.81);  T--G (2.19)
1381,338:binLong:3 left left,5324,5372,5504,5553,132,2,65,142.5902,0.020736,8,0.05,26811,5325,A,27005,5519,C,2.92,A--C (97.08);  G--T (2.92)
1393,342 left,7004,7053,7033,7097,-20,6,19,140.04574,0.000219867,10,0.08,28495,7009,T,28508,7022,A,100,T--A (96.35);  C--G (3.65)
1398,345 left,1903,1958,2023,2079,65,19,37,157.91305,0.00132002,10,0.08,23407,1921,T,23425,1939,T,0.73,T--T (98.54);  A--A (0.73);  G--C (0.73)
1398,345 left,1903,1958,2023,2079,65,38,39,145.75708,0.020496,6,0.03,23426,1940,G,23427,1941,T,96.35,G--T (96.35);  A--C (3.65)
1404,349:binLong:68 left left,7689,7740,7772,7854,32,5,91,148.42054,0.00562724,6,0.03,29179,7693,G,29296,7810,C,100,G--C (97.81);  A--T (2.19)
1405,34:binLong:43 left left,4440,4507,4516,4570,9,36,119,160.48844,0.0443229,10,0.08,25961,4475,C,26052,4566,T,0,C--T (97.81);  T--C (2.19)
1415,354:binLong:25 left left,332,397,860,922,463,54,87,195.0137,0.000886332,14,0.13,21871,385,C,22366,880,T,0,C--T (95.62);  T--C (3.65);  A--A (0.73)
1425,359 left,5392,5466,5591,5635,125,2,50,146.3375,1.56321e-06,8,0.05,26879,5393,T,26927,5441,A,97.81,T--A (97.81);  G--G (2.19)
1433,362:binLong:10 left left,2726,2773,3149,3190,376,21,75,146.30583,0.0354958,9,0.07,24232,2746,A,24661,3175,A,0,A--A (95.62);  T--T (4.38)
1436,363:binLong:67 left left,7019,7094,7154,7217,60,4,82,141.77576,0.0186561,10,0.08,28508,7022,A,28645,7159,T,100,A--T (96.35);  G--C (3.65)
1436,363:binLong:67 left left,7019,7094,7154,7217,60,79,82,141.77576,0.0186561,10,0.08,28642,7156,T,28645,7159,T,0,T--T (96.35);  C--C (3.65)
1436,363:binLong:67 left left,7019,7094,7154,7217,60,4,79,141.77576,0.0186561,10,0.08,28508,7022,A,28642,7156,T,100,A--T (96.35);  G--C (3.65)
1441,366 left,7681,7739,7906,7974,167,34,111,150.39931,0.00413093,16,0.16,29200,7714,C,29443,7957,A,1.46,C--A (94.89);  A--C (2.92);  G--T (0.73);  T--A (0.73);  T--C (0.73)
1442,367 left,6890,6962,7444,7532,482,74,78,141.02951,0.00321731,9,0.07,28930,7444,T,28934,7448,T,0,T--T (96.35);  C--C (3.65)
1453,372 left,5023,5079,5492,5544,413,75,103,143.80339,0.00149953,8,0.05,26565,5079,A,27005,5519,C,0,A--C (97.08);  C--T (2.92)
1453,372 left,5023,5079,5492,5544,413,23,50,141.51939,0.00356493,10,0.08,26528,5042,A,26540,5054,T,100,A--T (96.35);  T--G (3.65)
1463,378 left,7911,7964,7994,8047,30,47,111,137.5231,0.0211285,10,0.08,29443,7957,A,29530,8044,C,0.73,A--C (95.62);  C--A (2.92);  C--T (0.73);  T--A (0.73)
1466,37:binLong:9 left left,5023,5067,5156,5239,89,23,50,130.86788,0.00667932,12,0.11,26528,5042,A,26540,5054,T,100,A--T (96.35);  T--G (3.65)
1469,380 left,6995,7050,7209,7276,159,15,28,147.17087,0.00231151,7,0.04,28495,7009,T,28508,7022,A,100,T--A (96.35);  C--G (3.65)
1470,380:binLong:13 left left,3969,4033,4269,4314,236,56,90,153.18908,0.00158133,8,0.05,25510,4024,T,25779,4293,T,0,T--T (97.81);  A--G (2.19)
1470,380:binLong:13 left left,3969,4033,4269,4314,236,20,99,145.29562,0.0130471,7,0.04,25474,3988,T,25788,4302,A,96.35,T--A (96.35);  A--G (3.65)
1485,388 left,7345,7411,7380,7474,-31,49,121,143.79674,0.00362872,8,0.05,28879,7393,T,28951,7465,A,100,T--A (97.81);  C--G (2.19)
1487,388:binLong:47 left left,7701,7750,7925,7973,175,14,83,149.53394,0.00200824,17,0.17,29200,7714,C,29443,7957,A,1.46,C--A (94.89);  A--C (2.92);  G--T (0.73);  T--A (0.73);  T--C (0.73)
1488,389 left,7023,7084,7038,7133,-46,39,80,119.00547,0.012783,4,0,28547,7061,A,28588,7102,T,94.89,A--T (94.89);  C--C (5.11)
1488,389 left,7023,7084,7038,7133,-46,45,80,119.00547,0.012783,4,0,28553,7067,A,28588,7102,T,100,A--T (94.89);  G--C (5.11)
1488,389 left,7023,7084,7038,7133,-46,39,45,119.00547,0.012783,4,0,28547,7061,A,28553,7067,A,5.11,A--A (94.89);  C--G (5.11)
1493,391 left,2488,2531,2546,2611,15,7,19,138.01582,0.00265635,11,0.09,23980,2494,A,23992,2506,A,2.92,A--A (97.08);  G--T (2.92)
15,1005:binLong:21 left left,7111,7154,7304,7392,150,10,83,139.50848,0.0234936,6,0.03,28606,7120,C,28828,7342,T,0,C--T (96.35);  T--C (3.65)
15,1005:binLong:21 left left,7111,7154,7304,7392,150,35,83,139.50848,0.0234936,6,0.03,28631,7145,G,28828,7342,T,96.35,G--T (96.35);  T--C (3.65)
15,1005:binLong:21 left left,7111,7154,7304,7392,150,50,83,139.50848,0.0234936,6,0.03,28795,7309,A,28828,7342,T,100,A--T (96.35);  G--C (3.65)
15,1005:binLong:21 left left,7111,7154,7304,7392,150,10,50,139.50848,0.0234936,6,0.03,28606,7120,C,28795,7309,A,3.65,C--A (96.35);  T--G (3.65)
15,1005:binLong:21 left left,7111,7154,7304,7392,150,35,50,139.50848,0.0234936,6,0.03,28631,7145,G,28795,7309,A,3.65,G--A (96.35);  T--G (3.65)
15,1005:binLong:21 left left,7111,7154,7304,7392,150,10,35,139.50848,0.0234936,6,0.03,28606,7120,C,28631,7145,G,96.35,C--G (96.35);  T--T (3.65)
1506,398 left,2087,2115,2136,2179,21,40,54,121.05575,0.000647077,12,0.11,23624,2138,G,23635,2149,C,99.26,G--C (97.04);  A--T (2.22);  T--T (0.74)
1506,398 left,2087,2115,2136,2179,21,66,84,115.10623,0.0379923,10,0.08,23647,2161,C,23665,2179,A,0,C--A (97.04);  T--T (2.96)
1511,39:binShort:1 left left,7371,7455,7452,7491,-3,23,95,145.70959,0.0105583,7,0.04,28879,7393,T,28951,7465,A,100,T--A (97.81);  C--G (2.19)
1530,406:binLong:40 left left,4458,4512,4524,4574,12,18,98,161.22783,6.1806e-07,9,0.07,25961,4475,C,26052,4566,T,0,C--T (97.81);  T--C (2.19)
1530,406:binLong:40 left left,4458,4512,4524,4574,12,22,71,161.17631,6.1806e-07,10,0.08,25965,4479,A,26025,4539,T,100,A--T (95.62);  G--C (4.38)
1538,41 left,7004,7078,7167,7241,89,6,19,147.855,0.00305368,10,0.08,28495,7009,T,28508,7022,A,100,T--A (96.35);  C--G (3.65)
1544,414 left,4472,4518,4513,4564,-5,8,68,151.65264,3.85259e-05,9,0.07,25965,4479,A,26025,4539,T,100,A--T (95.62);  G--C (4.38)
1544,414 left,4472,4518,4513,4564,-5,50,68,151.65264,3.85259e-05,9,0.07,26007,4521,T,26025,4539,T,0,T--T (95.62);  C--C (4.38)
1544,414 left,4472,4518,4513,4564,-5,8,50,151.65264,3.85259e-05,10,0.08,25965,4479,A,26007,4521,T,100,A--T (95.62);  G--C (4.38)
1576,430 left,6548,6586,6572,6641,-14,22,56,133.51983,0.0203784,7,0.04,28055,6569,A,28079,6593,G,0,A--G (97.04);  T--T (1.48);  A--- (0.74);  G--A (0.74)
1596,440 left,7003,7076,7449,7499,373,7,20,144.6548,0.00806698,8,0.05,28495,7009,T,28508,7022,A,100,T--A (96.35);  C--G (3.65)
1600,442 left,7335,7403,8239,8297,836,8,67,137.60107,0.000329643,9,0.07,28828,7342,T,28887,7401,C,0,T--C (96.35);  C--A (3.65)
1602,444 left,4717,4772,4746,4831,-26,27,29,112.46664,0.014302,6,0.03,26229,4743,T,26231,4745,A,96.35,T--A (96.35);  A--G (3.65)
1602,444 left,4717,4772,4746,4831,-26,28,29,112.46664,0.014302,6,0.03,26230,4744,G,26231,4745,A,0,G--A (96.35);  A--G (3.65)
1602,444 left,4717,4772,4746,4831,-26,27,28,112.46664,0.014302,6,0.03,26229,4743,T,26230,4744,G,96.35,T--G (96.35);  A--A (3.65)
161,1095 left,6989,7030,7040,7110,10,6,34,132.50296,0.000410575,10,0.08,28480,6994,A,28508,7022,A,3.65,A--A (96.35);  C--G (3.65)
161,1095 left,6989,7030,7040,7110,10,21,34,132.50296,0.000410575,10,0.08,28495,7009,T,28508,7022,A,100,T--A (96.35);  C--G (3.65)
161,1095 left,6989,7030,7040,7110,10,6,21,132.50296,0.000410575,10,0.08,28480,6994,A,28495,7009,T,96.35,A--T (96.35);  C--C (3.65)
1618,453 left,7166,7218,7329,7409,111,67,126,144.34125,0.00582056,10,0.08,28828,7342,T,28887,7401,C,0,T--C (96.35);  C--A (3.65)
1620,454 left,5020,5066,5134,5190,68,26,53,131.00807,0.0418828,10,0.08,26528,5042,A,26540,5054,T,100,A--T (96.35);  T--G (3.65)
1631,45:binLong:39 left left,5868,5904,7977,8048,2073,1,642,124.05766,0.0102937,8,0.05,27354,5868,A,29530,8044,C,0.73,A--C (95.62);  G--A (3.65);  G--T (0.73)
1633,460 left,2204,2254,2755,2824,501,58,85,136.39602,0.00814948,7,0.04,24247,2761,A,24274,2788,T,100,A--T (97.81);  G--C (2.19)
1633,460 left,2204,2254,2755,2824,501,39,45,135.01608,0.0146177,13,0.12,23728,2242,T,23734,2248,A,97.08,T--A (96.35);  C--T (2.92);  G--T (0.73)
1638,464 left,7357,7408,7413,7480,5,37,105,146.20104,2.53428e-05,6,0.03,28879,7393,T,28951,7465,A,100,T--A (97.81);  C--G (2.19)
1647,468:binLong:54 left left,4469,4565,4574,4642,9,11,71,150.15872,1.49527e-11,10,0.08,25965,4479,A,26025,4539,T,100,A--T (95.62);  G--C (4.38)
1647,468:binLong:54 left left,4469,4565,4574,4642,9,53,71,150.15872,1.49527e-11,10,0.08,26007,4521,T,26025,4539,T,0,T--T (95.62);  C--C (4.38)
1647,468:binLong:54 left left,4469,4565,4574,4642,9,11,53,150.15872,1.49527e-11,10,0.08,25965,4479,A,26007,4521,T,100,A--T (95.62);  G--C (4.38)
1659,475 left,7342,7401,7616,7657,215,1,60,145.17401,0.022994,10,0.08,28828,7342,T,28887,7401,C,0,T--C (96.35);  C--A (3.65)
167,109:binShort:8 left left,6692,6737,6731,6773,-6,1,39,144.04495,0.0342367,12,0.11,28178,6692,G,28211,6725,A,0,G--A (96.3);  T--T (2.96);  A--G (0.74)
167,109:binShort:8 left left,6692,6737,6731,6773,-6,6,39,144.04495,0.0342367,14,0.13,28181,6695,T,28211,6725,A,100,T--A (96.3);  A--T (2.96);  C--G (0.74)
167,109:binShort:8 left left,6692,6737,6731,6773,-6,1,6,144.04495,0.0342367,12,0.11,28178,6692,G,28181,6695,T,99.26,G--T (96.3);  T--A (2.96);  A--C (0.74)
167,109:binShort:8 left left,6692,6737,6731,6773,-6,13,33,143.99638,0.035638,7,0.04,28188,6702,G,28205,6719,C,100,G--C (96.3);  A--T (3.7)
1672,480 left,7342,7411,7481,7545,70,1,60,140.33409,0.0237967,10,0.08,28828,7342,T,28887,7401,C,0,T--C (96.35);  C--A (3.65)
1676,483:binLong:63 left left,7348,7403,7520,7597,117,123,124,146.90631,0.00312976,9,0.07,29072,7586,G,29073,7587,C,95.62,G--C (95.62);  C--A (4.38)
1679,484:binLong:41 left left,6367,6405,6425,6467,20,23,65,152.76916,0.00645768,7,0.04,27875,6389,T,27929,6443,T,0,T--T (98.52);  C--A (1.48)
1680,485 left,5267,5300,5291,5359,-9,1,67,162.27596,0.00749102,12,0.11,26753,5267,C,26819,5333,T,0,C--T (94.16);  T--C (3.65);  A--A (2.19)
1683,487 left,7697,7738,7917,7984,179,18,83,144.11967,0.0228955,16,0.16,29200,7714,C,29443,7957,A,1.46,C--A (94.89);  A--C (2.92);  G--T (0.73);  T--A (0.73);  T--C (0.73)
17,1007 left,6360,6393,6411,6457,18,30,71,155.79352,0.0100331,4,0,27875,6389,T,27929,6443,T,0,T--T (98.52);  C--A (1.48)
1710,499 left,7124,7155,7178,7235,23,23,33,132.5211,0.00235313,4,0,28632,7146,G,28664,7178,A,5.11,G--A (94.89);  C--G (5.11)
1720,502:binLong:26 left left,5406,5456,5479,5551,23,6,59,154.32686,0.00203483,12,0.11,26897,5411,T,26972,5486,T,0,T--T (95.62);  A--C (2.19);  G--A (1.46);  C--A (0.73)
1724,503:binLong:38 left left,4498,4566,4615,4647,49,24,42,153.56471,1.52827e-05,8,0.05,26007,4521,T,26025,4539,T,0,T--T (95.62);  C--C (4.38)
1726,505 left,7020,7073,7056,7128,-17,3,101,139.29595,0.000477367,10,0.08,28508,7022,A,28606,7120,C,3.65,A--C (96.35);  G--T (3.65)
1728,506 left,7364,7440,7424,7485,-16,30,102,143.2002,0.0142071,8,0.05,28879,7393,T,28951,7465,A,100,T--A (97.81);  C--G (2.19)
173,1101 left,343,391,863,915,472,43,67,187.59245,0.0016521,14,0.13,21871,385,C,22366,880,T,0,C--T (95.62);  T--C (3.65);  A--A (0.73)
1737,51 left,1639,1694,2098,2138,404,1,4,152.00228,0.0172106,6,0.03,23125,1639,A,23128,1642,A,0.73,A--A (94.16);  T--T (5.11);  G--C (0.73)
1738,510 left,2540,2589,2580,2622,-9,3,81,148.38849,0.0015543,12,0.11,24028,2542,T,24106,2620,C,0,T--C (97.08);  C--T (2.92)
1745,515 left,4198,4259,4285,4325,26,61,65,157.46046,0.0171787,7,0.04,25744,4258,A,25773,4287,T,100,A--T (97.81);  G--C (2.19)
1765,525 left,3943,3998,4285,4321,287,65,89,163.19476,0.00587801,8,0.05,25779,4293,T,25803,4317,C,2.19,T--C (97.81);  G--T (2.19)
1780,536 left,3918,3970,5866,5907,1896,10,56,148.27877,0.000140213,9,0.07,25413,3927,C,27354,5868,A,4.38,C--A (95.62);  T--G (4.38)
1781,537 left,7691,7739,8032,8070,293,24,62,143.91085,0.0146729,14,0.13,29200,7714,C,29530,8044,C,0,C--C (94.89);  A--A (2.92);  G--A (0.73);  T--C (0.73);  T--T (0.73)
1789,540 left,6931,7001,7633,7670,632,43,64,146.60449,0.0217742,4,0,28459,6973,A,28480,6994,A,3.65,A--A (96.35);  G--C (3.65)
1796,544 left,6688,6732,6724,6772,-8,17,37,141.92149,0.015484,7,0.04,28188,6702,G,28205,6719,C,100,G--C (96.3);  A--T (3.7)
1796,544 left,6688,6732,6724,6772,-8,5,43,141.29163,0.0174845,10,0.08,28178,6692,G,28211,6725,A,0,G--A (96.3);  T--T (2.96);  A--G (0.74)
1796,544 left,6688,6732,6724,6772,-8,10,43,141.29163,0.0174845,12,0.11,28181,6695,T,28211,6725,A,100,T--A (96.3);  A--T (2.96);  C--G (0.74)
1796,544 left,6688,6732,6724,6772,-8,5,10,141.29163,0.0174845,12,0.11,28178,6692,G,28181,6695,T,99.26,G--T (96.3);  T--A (2.96);  A--C (0.74)
1811,552 left,30,79,5549,5608,5470,6,8,79.828,0.0418994,6,0.03,35,35,A,37,37,C,1.74,A--C (87.83);  ---- (10.43);  T--A (1.74)
1827,560:binLong:3 left left,2181,2227,3478,3527,1251,9,81,151.28668,0.000549807,10,0.08,23675,2189,G,24994,3508,A,0,G--A (96.35);  A--G (3.65)
1828,561 left,7694,7739,7983,8057,244,21,114,138.16186,0.00829255,14,0.13,29200,7714,C,29530,8044,C,0,C--C (94.89);  A--A (2.92);  G--A (0.73);  T--C (0.73);  T--T (0.73)
1831,564 left,5386,5459,5590,5634,131,6,56,140.26883,0.00312798,10,0.08,26877,5391,C,26927,5441,A,2.19,C--A (97.81);  T--G (2.19)
1831,564 left,5386,5459,5590,5634,131,8,56,140.26883,0.00312798,9,0.07,26879,5393,T,26927,5441,A,97.81,T--A (97.81);  G--G (2.19)
1831,564 left,5386,5459,5590,5634,131,6,8,140.26883,0.00312798,9,0.07,26877,5391,C,26879,5393,T,2.19,C--T (97.81);  T--G (2.19)
184,1109 left,4496,4565,4581,4635,16,26,44,156.70588,0.0094241,8,0.05,26007,4521,T,26025,4539,T,0,T--T (95.62);  C--C (4.38)
1849,576 left,4972,5012,5378,5440,366,55,57,133.58564,0.0106945,10,0.08,26877,5391,C,26879,5393,T,2.19,C--T (97.81);  T--G (2.19)
1853,578:binLong:40 left left,1901,1966,2015,2068,49,21,39,158.85462,0.00334397,10,0.08,23407,1921,T,23425,1939,T,0.73,T--T (98.54);  A--A (0.73);  G--C (0.73)
1853,578:binLong:40 left left,1901,1966,2015,2068,49,40,41,148.77597,0.0264542,6,0.03,23426,1940,G,23427,1941,T,96.35,G--T (96.35);  A--C (3.65)
1860,580:binLong:13 left left,347,388,826,884,438,39,97,173.90957,0.00238013,16,0.16,21871,385,C,22366,880,T,0,C--T (95.62);  T--C (3.65);  A--A (0.73)
187,1110 left,4978,5036,5379,5443,343,75,125,133.36391,0.0162241,12,0.11,26877,5391,C,26927,5441,A,2.19,C--A (97.81);  T--G (2.19)
187,1110 left,4978,5036,5379,5443,343,77,125,133.36391,0.0162241,12,0.11,26879,5393,T,26927,5441,A,97.81,T--A (97.81);  G--G (2.19)
187,1110 left,4978,5036,5379,5443,343,75,77,133.36391,0.0162241,12,0.11,26877,5391,C,26879,5393,T,2.19,C--T (97.81);  T--G (2.19)
1877,59 left,5887,5952,6225,6281,273,598,647,165.82191,5.33448e-06,8,0.05,27711,6225,A,27760,6274,T,99.26,A--T (95.59);  T--A (3.68);  G--G (0.74)
1884,593:binLong:65 left left,7922,7983,8008,8058,25,36,105,141.90515,0.0072189,9,0.07,29443,7957,A,29530,8044,C,0.73,A--C (95.62);  C--A (2.92);  C--T (0.73);  T--A (0.73)
1888,595:binLong:59 left left,7356,7405,7575,7625,170,62,63,150.4993,0.00176869,10,0.08,29072,7586,G,29073,7587,C,95.62,G--C (95.62);  C--A (4.38)
1897,59:binLong:62 left left,5311,5397,5411,5487,14,88,163,153.30606,0.000260613,14,0.13,26897,5411,T,26972,5486,T,0,T--T (95.62);  A--C (2.19);  G--A (1.46);  C--A (0.73)
1909,604:binLong:30 left left,6798,6844,7641,7673,797,25,41,139.21736,0.000504881,6,0.03,28305,6819,A,28321,6835,G,0,A--G (96.35);  G--A (3.65)
192,1115 left,4496,4567,4605,4648,38,26,44,152.71133,0.00012784,8,0.05,26007,4521,T,26025,4539,T,0,T--T (95.62);  C--C (4.38)
1922,610:binLong:67 left left,4446,4498,4524,4559,26,34,69,160.78349,0.0110446,9,0.07,25965,4479,A,26025,4539,T,100,A--T (95.62);  G--C (4.38)
1926,613 left,4489,4560,4577,4627,17,33,51,158.95542,1.31713e-09,8,0.05,26007,4521,T,26025,4539,T,0,T--T (95.62);  C--C (4.38)
1934,618:binLong:18 left left,5327,5374,5582,5638,208,66,67,129.95004,0.0385337,7,0.04,27085,5599,C,27086,5600,A,3.65,C--A (96.35);  G--C (3.65)
1943,622 left,7686,7737,7898,7965,161,29,112,145.51743,0.0489814,16,0.16,29200,7714,C,29443,7957,A,1.46,C--A (94.89);  A--C (2.92);  G--T (0.73);  T--A (0.73);  T--C (0.73)
1947,624:binLong:24 left left,7059,7118,7223,7275,105,9,93,105.4191,7.78434e-11,4,0,28553,7067,A,28741,7255,A,5.11,A--A (94.89);  G--C (5.11)
1947,624:binLong:24 left left,7059,7118,7223,7275,105,80,93,105.4191,7.78434e-11,4,0,28728,7242,C,28741,7255,A,0,C--A (94.89);  A--C (5.11)
1947,624:binLong:24 left left,7059,7118,7223,7275,105,79,93,105.4191,7.78434e-11,4,0,28727,7241,G,28741,7255,A,0,G--A (94.89);  A--C (5.11)
1947,624:binLong:24 left left,7059,7118,7223,7275,105,44,93,105.4191,7.78434e-11,4,0,28588,7102,T,28741,7255,A,94.89,T--A (94.89);  C--C (5.11)
1947,624:binLong:24 left left,7059,7118,7223,7275,105,3,93,105.4191,7.78434e-11,4,0,28547,7061,A,28741,7255,A,0,A--A (94.89);  C--C (5.11)
1947,624:binLong:24 left left,7059,7118,7223,7275,105,79,80,105.4191,7.78434e-11,4,0,28727,7241,G,28728,7242,C,94.89,G--C (94.89);  A--A (5.11)
1947,624:binLong:24 left left,7059,7118,7223,7275,105,3,80,105.4191,7.78434e-11,4,0,28547,7061,A,28728,7242,C,0,A--C (94.89);  C--A (5.11)
1947,624:binLong:24 left left,7059,7118,7223,7275,105,44,80,105.4191,7.78434e-11,4,0,28588,7102,T,28728,7242,C,0,T--C (94.89);  C--A (5.11)
1947,624:binLong:24 left left,7059,7118,7223,7275,105,9,80,105.4191,7.78434e-11,4,0,28553,7067,A,28728,7242,C,0,A--C (94.89);  G--A (5.11)
1947,624:binLong:24 left left,7059,7118,7223,7275,105,44,79,105.4191,7.78434e-11,4,0,28588,7102,T,28727,7241,G,94.89,T--G (94.89);  C--A (5.11)
1947,624:binLong:24 left left,7059,7118,7223,7275,105,9,79,105.4191,7.78434e-11,4,0,28553,7067,A,28727,7241,G,0,A--G (94.89);  G--A (5.11)
1947,624:binLong:24 left left,7059,7118,7223,7275,105,3,79,105.4191,7.78434e-11,4,0,28547,7061,A,28727,7241,G,0,A--G (94.89);  C--A (5.11)
1947,624:binLong:24 left left,7059,7118,7223,7275,105,9,44,105.4191,7.78434e-11,4,0,28553,7067,A,28588,7102,T,100,A--T (94.89);  G--C (5.11)
1947,624:binLong:24 left left,7059,7118,7223,7275,105,3,44,105.4191,7.78434e-11,4,0,28547,7061,A,28588,7102,T,94.89,A--T (94.89);  C--C (5.11)
1947,624:binLong:24 left left,7059,7118,7223,7275,105,3,9,105.4191,7.78434e-11,4,0,28547,7061,A,28553,7067,A,5.11,A--A (94.89);  C--G (5.11)
1949,625:binLong:66 left left,5009,5056,5106,5165,50,37,64,129.9903,0.0380764,10,0.08,26528,5042,A,26540,5054,T,100,A--T (96.35);  T--G (3.65)
195,1118 left,6810,6871,7658,7693,787,10,39,139.74551,0.035102,10,0.08,28305,6819,A,28334,6848,T,96.35,A--T (96.35);  G--A (3.65)
195,1118 left,6810,6871,7658,7693,787,26,39,139.74551,0.035102,10,0.08,28321,6835,G,28334,6848,T,96.35,G--T (96.35);  A--A (3.65)
195,1118 left,6810,6871,7658,7693,787,10,26,139.74551,0.035102,10,0.08,28305,6819,A,28321,6835,G,0,A--G (96.35);  G--A (3.65)
1950,626 left,6981,7052,7174,7249,122,14,42,146.61583,0.00891507,10,0.08,28480,6994,A,28508,7022,A,3.65,A--A (96.35);  C--G (3.65)
1950,626 left,6981,7052,7174,7249,122,29,42,146.61583,0.00891507,10,0.08,28495,7009,T,28508,7022,A,100,T--A (96.35);  C--G (3.65)
1950,626 left,6981,7052,7174,7249,122,14,29,146.61583,0.00891507,10,0.08,28480,6994,A,28495,7009,T,96.35,A--T (96.35);  C--C (3.65)
1953,628 left,7371,7461,7454,7507,-7,23,95,141.36305,0.00309977,8,0.05,28879,7393,T,28951,7465,A,100,T--A (97.81);  C--G (2.19)
1959,63 left,6880,6978,7485,7556,507,94,164,141.68278,0.0170792,6,0.03,28459,6973,A,29035,7549,T,96.35,A--T (96.35);  G--A (3.65)
1988,645:binLong:69 left left,6689,6735,6760,6808,25,16,36,140.24623,0.00226257,7,0.04,28188,6702,G,28205,6719,C,100,G--C (96.3);  A--T (3.7)
1988,645:binLong:69 left left,6689,6735,6760,6808,25,4,42,138.05571,0.00373741,12,0.11,28178,6692,G,28211,6725,A,0,G--A (96.3);  T--T (2.96);  A--G (0.74)
1988,645:binLong:69 left left,6689,6735,6760,6808,25,9,42,138.05571,0.00373741,12,0.11,28181,6695,T,28211,6725,A,100,T--A (96.3);  A--T (2.96);  C--G (0.74)
1988,645:binLong:69 left left,6689,6735,6760,6808,25,4,9,138.05571,0.00373741,10,0.08,28178,6692,G,28181,6695,T,99.26,G--T (96.3);  T--A (2.96);  A--C (0.74)
199,1120:binLong:60 left left,6569,6633,6663,6695,30,1,35,141.11158,0.033301,8,0.05,28055,6569,A,28079,6593,G,0,A--G (97.04);  T--T (1.48);  A--- (0.74);  G--A (0.74)
2003,652 left,7488,7538,7533,7591,-5,99,100,140.27207,0.00418916,6,0.03,29072,7586,G,29073,7587,C,95.62,G--C (95.62);  C--A (4.38)
2010,657 left,7011,7086,7137,7214,51,12,99,139.70875,0.0354473,10,0.08,28508,7022,A,28645,7159,T,100,A--T (96.35);  G--C (3.65)
2010,657 left,7011,7086,7137,7214,51,85,99,139.70875,0.0354473,10,0.08,28631,7145,G,28645,7159,T,96.35,G--T (96.35);  T--C (3.65)
2010,657 left,7011,7086,7137,7214,51,96,99,139.70875,0.0354473,10,0.08,28642,7156,T,28645,7159,T,0,T--T (96.35);  C--C (3.65)
2010,657 left,7011,7086,7137,7214,51,12,96,139.70875,0.0354473,10,0.08,28508,7022,A,28642,7156,T,100,A--T (96.35);  G--C (3.65)
2010,657 left,7011,7086,7137,7214,51,85,96,139.70875,0.0354473,10,0.08,28631,7145,G,28642,7156,T,96.35,G--T (96.35);  T--C (3.65)
2010,657 left,7011,7086,7137,7214,51,12,85,139.70875,0.0354473,10,0.08,28508,7022,A,28631,7145,G,3.65,A--G (96.35);  G--T (3.65)
2017,660 left,5023,5067,5490,5551,423,23,50,145.05704,0.000353371,11,0.09,26528,5042,A,26540,5054,T,100,A--T (96.35);  T--G (3.65)
2021,663:binLong:35 left left,4974,5016,5410,5490,394,45,120,161.32031,6.0725e-05,14,0.13,26897,5411,T,26972,5486,T,0,T--T (95.62);  A--C (2.19);  G--A (1.46);  C--A (0.73)
2025,666 left,4495,4560,4609,4653,49,27,45,150.36631,0.00116495,9,0.07,26007,4521,T,26025,4539,T,0,T--T (95.62);  C--C (4.38)
2027,668 left,5032,5064,5078,5160,14,14,41,138.39337,0.0260727,11,0.09,26528,5042,A,26540,5054,T,100,A--T (96.35);  T--G (3.65)
2030,67 left,25,85,5852,5915,5767,17,82,92.94031,0.00297815,9,0.07,41,41,T,27351,5865,T,0.98,T--T (96.08);  C--A (2.94);  C--G (0.98)
2032,671 left,7341,7409,7582,7641,173,74,75,147.85282,0.00182937,10,0.08,29072,7586,G,29073,7587,C,95.62,G--C (95.62);  C--A (4.38)
2038,676 left,7382,7485,7591,7641,106,12,84,135.16778,0.0031273,7,0.04,28879,7393,T,28951,7465,A,100,T--A (97.81);  C--G (2.19)
2045,67:binLong:71 left left,6357,6386,6411,6458,25,61,71,136.30559,0.00692606,6,0.03,27923,6437,C,27933,6447,G,97.78,C--G (96.3);  C--- (1.48);  ---G (0.74);  G--T (0.74);  T--A (0.74)
2047,680 left,6866,6968,7640,7668,672,30,96,137.68335,0.0159054,4,0,28381,6895,A,28447,6961,A,0,A--A (94.89);  G--G (5.11)
2047,680 left,6866,6968,7640,7668,672,84,96,137.68335,0.0159054,4,0,28435,6949,C,28447,6961,A,0,C--A (94.89);  A--G (5.11)
2047,680 left,6866,6968,7640,7668,672,30,84,137.68335,0.0159054,4,0,28381,6895,A,28435,6949,C,0,A--C (94.89);  G--A (5.11)
2062,689:binLong:49 left left,7148,7187,7197,7298,10,9,12,145.74605,0.0101691,6,0.03,28642,7156,T,28645,7159,T,0,T--T (96.35);  C--C (3.65)
2067,68:binLong:8 left left,5019,5064,5376,5446,312,27,54,142.97365,0.00142771,12,0.11,26528,5042,A,26540,5054,T,100,A--T (96.35);  T--G (3.65)
208,1129 left,7370,7425,7445,7494,20,24,77,145.13718,0.00720066,6,0.03,28879,7393,T,28951,7465,A,100,T--A (97.81);  C--G (2.19)
2082,69:binShort:10 left left,3247,3296,3289,3316,-7,17,48,134.72419,0.0348737,8,0.05,24749,3263,T,24780,3294,A,100,T--A (97.08);  C--G (2.92)
2093,705:binLong:53 left left,5009,5056,5129,5171,73,37,64,132.93328,0.00335962,10,0.08,26528,5042,A,26540,5054,T,100,A--T (96.35);  T--G (3.65)
2094,705:binLong:72 left left,4439,4495,4527,4558,32,41,70,153.61327,0.000955629,9,0.07,25965,4479,A,26025,4539,T,100,A--T (95.62);  G--C (4.38)
2098,708 left,6875,6981,7635,7669,654,5,99,145.59121,0.00157167,7,0.04,28365,6879,A,28459,6973,A,0,A--A (96.35);  G--G (3.65)
2103,710 left,4491,4557,4562,4625,5,31,49,162.7534,2.27702e-08,8,0.05,26007,4521,T,26025,4539,T,0,T--T (95.62);  C--C (4.38)
2106,711 left,7167,7218,7337,7404,119,58,117,144.41351,0.00413771,10,0.08,28828,7342,T,28887,7401,C,0,T--C (96.35);  C--A (3.65)
2115,719:binLong:47 left left,6641,6723,7849,7900,1126,58,63,130.50715,0.0309396,12,0.11,28178,6692,G,28181,6695,T,99.26,G--T (96.3);  T--A (2.96);  A--C (0.74)
2116,71:binLong:31 left left,1918,1964,2055,2107,91,4,22,158.11261,0.0108016,10,0.08,23407,1921,T,23425,1939,T,0.73,T--T (98.54);  A--A (0.73);  G--C (0.73)
2116,71:binLong:31 left left,1918,1964,2055,2107,91,64,76,148.67846,0.0477892,7,0.04,23557,2071,C,23569,2083,T,0,C--T (94.16);  T--C (5.11);  A--A (0.73)
2119,72 left,1888,1954,2013,2087,59,34,52,159.07679,0.0219284,10,0.08,23407,1921,T,23425,1939,T,0.73,T--T (98.54);  A--A (0.73);  G--C (0.73)
2126,723:binLong:30 left left,3922,3971,4287,4322,316,57,81,151.63062,0.041483,8,0.05,25779,4293,T,25803,4317,C,2.19,T--C (97.81);  G--T (2.19)
214,1132 left,5223,5276,8125,8156,2849,6,75,163.01872,6.439e-19,6,0.03,26714,5228,T,29631,8145,A,100,T--A (94.89);  C--G (5.11)
2147,736 left,1901,1948,2024,2095,76,21,39,158.76597,0.0026135,10,0.08,23407,1921,T,23425,1939,T,0.73,T--T (98.54);  A--A (0.73);  G--C (0.73)
2154,739:binLong:5 left left,6909,6988,7266,7326,278,65,124,140.12153,0.0182311,10,0.08,28459,6973,A,28795,7309,A,0,A--A (96.35);  G--G (3.65)
2164,743 left,5017,5065,5515,5557,450,29,56,145.17345,0.047712,10,0.08,26528,5042,A,26540,5054,T,100,A--T (96.35);  T--G (3.65)
2171,747 left,6497,6549,6575,6641,26,59,93,142.05961,0.0123042,4,0,28066,6580,T,28083,6597,G,98.52,T--G (98.52);  C--A (1.48)
2172,747:binLong:20 left left,5026,5078,5517,5546,439,20,47,141.54293,0.019155,11,0.09,26528,5042,A,26540,5054,T,100,A--T (96.35);  T--G (3.65)
2185,755:binLong:39 left left,6575,6631,6657,6704,26,6,40,140.07495,0.0219897,4,0,28066,6580,T,28083,6597,G,98.52,T--G (98.52);  C--A (1.48)
2187,756:binLong:65 left left,7356,7430,7430,7481,0,38,110,147.14236,0.00321574,8,0.05,28879,7393,T,28950,7464,G,100,T--A (97.81);  C--G (2.19)
22,101 left,7338,7407,7629,7670,222,5,64,147.13612,0.00657416,7,0.04,28828,7342,T,28887,7401,C,0,T--C (96.35);  C--A (3.65)
2215,777 left,7940,8008,7991,8056,-17,18,111,130.10817,0.0168409,10,0.08,29443,7957,A,29530,8044,C,0.73,A--C (95.62);  C--A (2.92);  C--T (0.73);  T--A (0.73)
2234,788:binLong:33 left left,7895,7944,8039,8070,95,19,56,119.62089,0.000834144,10,0.08,29399,7913,G,29530,8044,C,96.35,G--C (95.62);  A--A (3.65);  G--T (0.73)
2245,796 left,26,66,5899,5926,5833,10,12,87.99973,0.00162191,8,0.05,35,35,A,37,37,C,1.94,A--C (98.06);  T--A (1.94)
2252,7:binShort:10 left left,2535,2594,2580,2624,-14,8,86,151.11224,0.00976004,12,0.11,24028,2542,T,24106,2620,C,0,T--C (97.08);  C--T (2.92)
2257,801 left,6788,6820,6817,6861,-3,33,77,139.97395,0.0118239,5,0.01,28303,6817,A,28347,6861,G,5.11,A--G (94.89);  T--A (5.11)
2292,822:binLong:48 left left,6678,6718,6761,6811,43,15,20,132.85847,3.03862e-10,12,0.11,28178,6692,G,28181,6695,T,99.26,G--T (96.3);  T--A (2.96);  A--C (0.74)
2292,822:binLong:48 left left,6678,6718,6761,6811,43,3,27,128.0008,6.81599e-07,8,0.05,28166,6680,G,28188,6702,G,0,G--G (96.3);  A--A (3.7)
23,1010 left,7352,7402,7542,7621,140,96,97,147.68242,2.57622e-05,9,0.07,29072,7586,G,29073,7587,C,95.62,G--C (95.62);  C--A (4.38)
231,1146:binLong:19 left left,6006,6043,6135,6183,92,8,69,146.78311,0.0154659,5,0.01,27499,6013,T,27651,6165,G,94.89,T--G (94.89);  C--T (5.11)
232,1146:binLong:35 left left,7665,7699,7925,7973,226,56,62,138.56638,0.000434657,6,0.03,29431,7945,G,29437,7951,A,0,G--A (96.35);  A--G (3.65)
2320,840 left,7456,7513,7499,7564,-14,4,100,135.4343,0.0457448,4,0,28945,7459,T,29041,7555,G,94.89,T--G (94.89);  A--A (5.11)
2320,840 left,7456,7513,7499,7564,-14,32,100,135.4343,0.0457448,4,0,28973,7487,A,29041,7555,G,0,A--G (94.89);  G--A (5.11)
2320,840 left,7456,7513,7499,7564,-14,4,32,135.4343,0.0457448,4,0,28945,7459,T,28973,7487,A,94.89,T--A (94.89);  A--G (5.11)
2324,843 left,7300,7347,7341,7383,-6,10,43,147.26626,5.62672e-07,10,0.08,28795,7309,A,28828,7342,T,100,A--T (96.35);  G--C (3.65)
2340,853 left,1913,1967,1996,2065,29,9,27,160.76831,0.0273889,10,0.08,23407,1921,T,23425,1939,T,0.73,T--T (98.54);  A--A (0.73);  G--C (0.73)
2341,853:binLong:30 left left,7019,7067,7084,7124,17,4,86,136.01702,0.0147406,10,0.08,28508,7022,A,28606,7120,C,3.65,A--C (96.35);  G--T (3.65)
235,1149 left,4973,5021,5373,5424,352,68,70,133.60377,0.0240819,10,0.08,26877,5391,C,26879,5393,T,2.19,C--T (97.81);  T--G (2.19)
2362,87 left,3945,4010,4261,4318,251,99,123,151.21584,0.00733053,8,0.05,25779,4293,T,25803,4317,C,2.19,T--C (97.81);  G--T (2.19)
2383,884 left,7406,7490,7581,7639,91,91,92,146.61685,0.00918967,9,0.07,29072,7586,G,29073,7587,C,95.62,G--C (95.62);  C--A (4.38)
2404,893:binLong:27 left left,6817,6880,7519,7617,639,132,133,138.91556,0.00372173,8,0.05,29072,7586,G,29073,7587,C,95.62,G--C (95.62);  C--A (4.38)
2430,901 left,7359,7414,7409,7466,-5,35,107,146.72943,0.0464178,7,0.04,28879,7393,T,28951,7465,A,100,T--A (97.81);  C--G (2.19)
2455,917 left,6996,7030,7022,7069,-8,14,27,142.41464,0.00293506,10,0.08,28495,7009,T,28508,7022,A,100,T--A (96.35);  C--G (3.65)
2471,927 left,7484,7533,7525,7604,-8,103,104,143.22056,0.00333305,9,0.07,29072,7586,G,29073,7587,C,95.62,G--C (95.62);  C--A (4.38)
2478,92:binShort:6 left left,6209,6255,6249,6285,-6,17,66,165.30313,0.00828359,13,0.12,27711,6225,A,27760,6274,T,99.26,A--T (95.59);  T--A (3.68);  G--G (0.74)
2484,933 left,2188,2234,2755,2820,521,23,31,135.33503,0.0304917,15,0.14,23693,2207,T,23701,2215,C,3.65,T--C (96.35);  A--T (3.65)
2488,935 left,1563,1619,3364,3414,1745,6,86,165.89209,0.0150944,12,0.11,23054,1568,C,24874,3388,A,0,C--A (94.89);  T--T (2.92);  A--C (2.19)
2489,936 left,5223,5268,8125,8160,2857,6,67,159.53343,7.73477e-09,6,0.03,26714,5228,T,29631,8145,A,100,T--A (94.89);  C--G (5.11)
2499,941 left,7341,7396,7425,7484,29,53,97,150.2419,0.0270013,7,0.04,28879,7393,T,28951,7465,A,100,T--A (97.81);  C--G (2.19)
2501,943 left,1841,1878,1910,1950,32,69,70,153.64496,0.0307008,6,0.03,23426,1940,G,23427,1941,T,96.35,G--T (96.35);  A--C (3.65)
2514,94:binLong:32 left left,7348,7397,7551,7597,154,86,87,149.85965,0.0047065,10,0.08,29072,7586,G,29073,7587,C,95.62,G--C (95.62);  C--A (4.38)
2517,95 left,6870,6969,7616,7665,647,26,92,139.17882,0.0451504,4,0,28381,6895,A,28447,6961,A,0,A--A (94.89);  G--G (5.11)
2517,95 left,6870,6969,7616,7665,647,80,92,139.17882,0.0451504,4,0,28435,6949,C,28447,6961,A,0,C--A (94.89);  A--G (5.11)
2517,95 left,6870,6969,7616,7665,647,26,80,139.17882,0.0451504,4,0,28381,6895,A,28435,6949,C,0,A--C (94.89);  G--A (5.11)
2523,954 left,7684,7743,7839,7892,96,31,62,154.34687,0.000663275,14,0.13,29200,7714,C,29326,7840,T,0,C--T (94.89);  A--A (2.92);  T--T (1.46);  G--G (0.73)
2525,955 left,1884,1948,2072,2116,124,38,56,159.29202,0.0072907,10,0.08,23407,1921,T,23425,1939,T,0.73,T--T (98.54);  A--A (0.73);  G--C (0.73)
2525,955 left,1884,1948,2072,2116,124,57,58,146.24499,0.0495909,6,0.03,23426,1940,G,23427,1941,T,96.35,G--T (96.35);  A--C (3.65)
2528,955:binLong:68 left left,6818,6863,7523,7616,660,110,111,137.43305,0.0380917,10,0.08,29072,7586,G,29073,7587,C,95.62,G--C (95.62);  C--A (4.38)
2531,958 left,7897,7957,7986,8049,29,61,126,142.10322,4.43265e-05,9,0.07,29443,7957,A,29530,8044,C,0.73,A--C (95.62);  C--A (2.92);  C--T (0.73);  T--A (0.73)
2537,96 left,5228,5283,8116,8159,2833,1,86,163.419,2.35636e-06,6,0.03,26714,5228,T,29631,8145,A,100,T--A (94.89);  C--G (5.11)
2549,969 left,5267,5303,5295,5355,-8,1,67,164.95622,0.0421722,11,0.09,26753,5267,C,26819,5333,T,0,C--T (94.16);  T--C (3.65);  A--A (2.19)
2550,969:binLong:27 left left,7124,7154,7314,7393,160,22,60,141.83446,0.0285306,10,0.08,28631,7145,G,28828,7342,T,96.35,G--T (96.35);  T--C (3.65)
2566,97:binLong:22 left left,5907,5946,6134,6187,188,40,72,143.37474,0.0448308,7,0.04,27432,5946,T,27651,6165,G,100,T--G (94.89);  A--T (5.11)
2573,984 left,7382,7424,7439,7479,15,12,70,137.25123,2.39689e-05,7,0.04,28879,7393,T,28951,7465,A,100,T--A (97.81);  C--G (2.19)
2579,98:binLong:53 left left,7333,7402,8260,8304,858,10,69,141.11296,3.64388e-06,9,0.07,28828,7342,T,28887,7401,C,0,T--C (96.32);  C--A (3.68)
2587,994 left,7384,7420,7447,7495,27,10,56,142.54635,2.01235e-07,7,0.04,28879,7393,T,28951,7465,A,100,T--A (97.81);  C--G (2.19)
2587,994 left,7384,7420,7447,7495,27,18,39,129.88958,1.48052e-05,10,0.08,28887,7401,C,28934,7448,T,0,C--T (96.35);  A--C (3.65)
2594,99:binLong:45 left left,5027,5086,5109,5165,23,19,46,134.55448,0.00626376,11,0.09,26528,5042,A,26540,5054,T,100,A--T (96.35);  T--G (3.65)
276,1175 left,1845,1882,1907,1958,25,53,71,159.24403,0.0115509,11,0.09,23407,1921,T,23425,1939,T,0.73,T--T (98.54);  A--A (0.73);  G--C (0.73)
276,1175 left,1845,1882,1907,1958,25,72,73,153.78167,0.0255847,6,0.03,23426,1940,G,23427,1941,T,96.35,G--T (96.35);  A--C (3.65)
282,1179 left,5338,5403,8112,8158,2709,54,56,129.64251,0.0270862,8,0.05,26877,5391,C,26879,5393,T,2.19,C--T (97.81);  T--G (2.19)
284,1180 left,4483,4522,4519,4579,-3,39,57,165.323,3.60416e-05,9,0.07,26007,4521,T,26025,4539,T,0,T--T (95.62);  C--C (4.38)
292,1187 left,6935,6995,7633,7661,638,39,60,145.07236,0.000776145,6,0.03,28459,6973,A,28480,6994,A,3.65,A--A (96.35);  G--C (3.65)
292,1187 left,6935,6995,7633,7661,638,15,27,142.29361,0.00253487,6,0.03,28435,6949,C,28447,6961,A,0,C--A (94.89);  A--G (5.11)
299,1190 left,5025,5073,5502,5546,429,21,48,143.00176,0.0349306,11,0.09,26528,5042,A,26540,5054,T,100,A--T (96.35);  T--G (3.65)
305,1193 left,4477,4557,4605,4648,48,3,63,141.81884,0.00326983,9,0.07,25965,4479,A,26025,4539,T,100,A--T (95.62);  G--C (4.38)
305,1193 left,4477,4557,4605,4648,48,45,63,141.81884,0.00326983,9,0.07,26007,4521,T,26025,4539,T,0,T--T (95.62);  C--C (4.38)
305,1193 left,4477,4557,4605,4648,48,3,45,141.81884,0.00326983,8,0.05,25965,4479,A,26007,4521,T,100,A--T (95.62);  G--C (4.38)
31,1015:binLong:6 left left,5235,5273,5379,5430,106,52,54,131.62134,0.00408638,9,0.07,26877,5391,C,26879,5393,T,2.19,C--T (97.81);  T--G (2.19)
319,120 left,7915,7982,7992,8056,10,43,127,140.39636,0.0139432,10,0.08,29443,7957,A,29530,8044,C,0.73,A--C (95.62);  C--A (2.92);  C--T (0.73);  T--A (0.73)
321,1200:binLong:16 left left,5600,5638,6379,6439,741,50,105,157.63514,2.05186e-14,4,0,27875,6389,T,27923,6437,C,0.74,T--C (97.78);  C--G (0.74);  C--T (0.74);  T--- (0.74)
322,1201 left,2487,2520,2559,2612,39,8,20,135.37262,0.000129537,11,0.09,23980,2494,A,23992,2506,A,2.92,A--A (97.08);  G--T (2.92)
322,1201 left,2487,2520,2559,2612,39,11,69,132.50095,0.00280956,6,0.03,23983,2497,A,24079,2593,T,100,A--T (96.35);  T--A (3.65)
322,1201 left,2487,2520,2559,2612,39,36,69,132.50095,0.00280956,6,0.03,24046,2560,T,24079,2593,T,0,T--T (96.35);  C--A (3.65)
322,1201 left,2487,2520,2559,2612,39,23,69,132.50095,0.00280956,6,0.03,23995,2509,A,24079,2593,T,96.35,A--T (96.35);  G--A (3.65)
322,1201 left,2487,2520,2559,2612,39,66,69,132.50095,0.00280956,6,0.03,24076,2590,T,24079,2593,T,0,T--T (96.35);  C--A (3.65)
322,1201 left,2487,2520,2559,2612,39,23,66,132.50095,0.00280956,6,0.03,23995,2509,A,24076,2590,T,100,A--T (96.35);  G--C (3.65)
322,1201 left,2487,2520,2559,2612,39,11,66,132.50095,0.00280956,6,0.03,23983,2497,A,24076,2590,T,96.35,A--T (96.35);  T--C (3.65)
322,1201 left,2487,2520,2559,2612,39,36,66,132.50095,0.00280956,6,0.03,24046,2560,T,24076,2590,T,0,T--T (96.35);  C--C (3.65)
322,1201 left,2487,2520,2559,2612,39,23,36,132.50095,0.00280956,6,0.03,23995,2509,A,24046,2560,T,100,A--T (96.35);  G--C (3.65)
322,1201 left,2487,2520,2559,2612,39,11,36,132.50095,0.00280956,6,0.03,23983,2497,A,24046,2560,T,96.35,A--T (96.35);  T--C (3.65)
322,1201 left,2487,2520,2559,2612,39,11,23,132.50095,0.00280956,6,0.03,23983,2497,A,23995,2509,A,3.65,A--A (96.35);  T--G (3.65)
323,1202 left,4479,4557,4573,4625,16,1,61,152.42333,0.0336557,9,0.07,25965,4479,A,26025,4539,T,100,A--T (95.62);  G--C (4.38)
323,1202 left,4479,4557,4573,4625,16,43,61,152.42333,0.0336557,10,0.08,26007,4521,T,26025,4539,T,0,T--T (95.62);  C--C (4.38)
323,1202 left,4479,4557,4573,4625,16,1,43,152.42333,0.0336557,9,0.07,25965,4479,A,26007,4521,T,100,A--T (95.62);  G--C (4.38)
325,1204 left,6946,6979,7378,7465,399,50,122,138.1368,1.874e-05,7,0.04,28879,7393,T,28951,7465,A,100,T--A (97.81);  C--G (2.19)
33,1016:binLong:66 left left,7690,7737,7932,7974,195,25,74,138.11668,0.0211176,14,0.13,29200,7714,C,29443,7957,A,1.46,C--A (94.89);  A--C (2.92);  G--T (0.73);  T--A (0.73);  T--C (0.73)
34,1017 left,4500,4571,4609,4644,38,22,40,153.78722,0.000126642,8,0.05,26007,4521,T,26025,4539,T,0,T--T (95.62);  C--C (4.38)
349,121:binLong:17 left left,6060,6095,6135,6179,40,34,40,158.08419,0.000131511,14,0.13,27579,6093,A,27624,6138,A,0.73,A--A (96.35);  T--T (2.19);  C--G (0.73);  C--T (0.73)
350,121:binShort:11 left left,4471,4539,4534,4593,-5,5,96,159.82044,9.42055e-08,8,0.05,25961,4475,C,26052,4566,T,0,C--T (97.81);  T--C (2.19)
350,121:binShort:11 left left,4471,4539,4534,4593,-5,9,69,158.79944,1.63115e-07,10,0.08,25965,4479,A,26025,4539,T,100,A--T (95.62);  G--C (4.38)
350,121:binShort:11 left left,4471,4539,4534,4593,-5,51,69,158.79944,1.63115e-07,10,0.08,26007,4521,T,26025,4539,T,0,T--T (95.62);  C--C (4.38)
350,121:binShort:11 left left,4471,4539,4534,4593,-5,9,51,158.79944,1.63115e-07,10,0.08,25965,4479,A,26007,4521,T,100,A--T (95.62);  G--C (4.38)
359,1225 left,6917,6972,7147,7204,175,66,69,138.96518,0.0052462,10,0.08,28642,7156,T,28645,7159,T,0,T--T (96.35);  C--C (3.65)
359,1225 left,6917,6972,7147,7204,175,33,88,137.17925,0.0259809,4,0,28435,6949,C,28664,7178,A,0,C--A (94.89);  A--G (5.11)
359,1225 left,6917,6972,7147,7204,175,45,88,137.17925,0.0259809,4,0,28447,6961,A,28664,7178,A,0,A--A (94.89);  G--G (5.11)
359,1225 left,6917,6972,7147,7204,175,33,45,137.17925,0.0259809,4,0,28435,6949,C,28447,6961,A,0,C--A (94.89);  A--G (5.11)
365,123 left,4717,4763,4758,4831,-5,27,29,112.46664,0.014302,6,0.03,26229,4743,T,26231,4745,A,96.35,T--A (96.35);  A--G (3.65)
365,123 left,4717,4763,4758,4831,-5,28,29,112.46664,0.014302,6,0.03,26230,4744,G,26231,4745,A,0,G--A (96.35);  A--G (3.65)
365,123 left,4717,4763,4758,4831,-5,27,28,112.46664,0.014302,6,0.03,26229,4743,T,26230,4744,G,96.35,T--G (96.35);  A--A (3.65)
368,1232 left,7358,7444,7445,7488,1,36,108,149.7448,0.00476057,7,0.04,28879,7393,T,28951,7465,A,100,T--A (97.81);  C--G (2.19)
37,1019 left,6795,6846,7616,7656,770,28,44,145.46922,0.00437003,6,0.03,28305,6819,A,28321,6835,G,0,A--G (96.35);  G--A (3.65)
373,1237 left,4699,4737,4814,4871,77,6,71,55.45566,2.22094e-07,4,0,26190,4704,A,26331,4845,T,99.27,A--T (94.16);  G--C (5.11);  A--C (0.73)
374,1237:binLong:63 left left,6912,7000,7604,7646,604,62,83,143.95476,0.0308545,6,0.03,28459,6973,A,28480,6994,A,3.65,A--A (96.35);  G--C (3.65)
387,1248 left,6800,6841,7614,7657,773,23,39,142.71483,0.00618044,6,0.03,28305,6819,A,28321,6835,G,0,A--G (96.35);  G--A (3.65)
409,125:binLong:47 left left,4344,4380,4512,4565,132,47,65,167.2594,1.0195e-06,8,0.05,26007,4521,T,26025,4539,T,0,T--T (95.62);  C--C (4.38)
429,1274 left,6274,6320,7692,7773,1372,1,70,163.63754,4.07388e-06,13,0.12,27760,6274,T,29200,7714,C,0.73,T--C (94.89);  A--A (2.92);  A--G (0.73);  G--T (0.73);  T--T (0.73)
43,1022:binLong:42 left left,7682,7726,7769,7842,43,12,87,146.3935,5.62013e-08,7,0.04,29179,7693,G,29296,7810,C,100,G--C (97.81);  A--T (2.19)
432,1276 left,6940,7004,7635,7671,631,34,55,145.50233,0.0198299,7,0.04,28459,6973,A,28480,6994,A,3.65,A--A (96.35);  G--C (3.65)
440,1280 left,5298,5378,5504,5554,126,28,97,138.95551,0.0142803,8,0.05,26811,5325,A,27005,5519,C,2.92,A--C (97.08);  G--T (2.92)
441,1281 left,5386,5447,5596,5636,149,6,56,138.00142,0.0219813,9,0.07,26877,5391,C,26927,5441,A,2.19,C--A (97.81);  T--G (2.19)
441,1281 left,5386,5447,5596,5636,149,8,56,138.00142,0.0219813,9,0.07,26879,5393,T,26927,5441,A,97.81,T--A (97.81);  G--G (2.19)
441,1281 left,5386,5447,5596,5636,149,6,8,138.00142,0.0219813,8,0.05,26877,5391,C,26879,5393,T,2.19,C--T (97.81);  T--G (2.19)
456,1291 left,6840,6941,7643,7665,702,9,40,145.82002,0.0422152,7,0.04,28334,6848,T,28365,6879,A,96.35,T--A (96.35);  A--G (3.65)
461,1296 left,3951,3993,4293,4330,300,44,68,156.72139,2.65103e-05,10,0.08,25779,4293,T,25803,4317,C,2.19,T--C (97.81);  G--T (2.19)
463,1297:binLong:32 left left,7699,7736,7995,8058,259,16,94,149.99657,0.000761808,17,0.17,29200,7714,C,29530,8044,C,0,C--C (94.89);  A--A (2.92);  G--A (0.73);  T--C (0.73);  T--T (0.73)
465,1298 left,6271,6323,7683,7761,1360,4,85,155.46544,0.00725033,14,0.13,27760,6274,T,29200,7714,C,0.73,T--C (94.89);  A--A (2.92);  A--G (0.73);  G--T (0.73);  T--T (0.73)
478,1306:binLong:3 left left,1847,1883,1913,1955,30,46,64,159.75985,0.0170433,10,0.08,23407,1921,T,23425,1939,T,0.73,T--T (98.54);  A--A (0.73);  G--C (0.73)
478,1306:binLong:3 left left,1847,1883,1913,1955,30,65,66,151.80184,0.0461016,8,0.05,23426,1940,G,23427,1941,T,96.35,G--T (96.35);  A--C (3.65)
482,130:binLong:34 left left,6774,6817,6844,6876,27,47,68,133.3368,0.01371,4,0,28303,6817,A,28350,6864,G,5.11,A--G (94.89);  T--A (5.11)
482,130:binLong:34 left left,6774,6817,6844,6876,27,65,68,133.3368,0.01371,4,0,28347,6861,G,28350,6864,G,0,G--G (94.89);  A--A (5.11)
482,130:binLong:34 left left,6774,6817,6844,6876,27,47,65,133.3368,0.01371,4,0,28303,6817,A,28347,6861,G,5.11,A--G (94.89);  T--A (5.11)
49,1027 left,6840,6947,7635,7667,688,9,40,146.61661,0.00689038,7,0.04,28334,6848,T,28365,6879,A,96.35,T--A (96.35);  A--G (3.65)
497,132 left,6549,6588,6593,6647,5,21,49,152.98004,0.0179348,7,0.04,28055,6569,A,28079,6593,G,0,A--G (97.76);  T--T (1.49);  G--A (0.75)
502,1324 left,5864,5892,8001,8058,2109,5,79,140.10704,0.000777577,8,0.05,27354,5868,A,29530,8044,C,0.73,A--C (95.62);  G--A (3.65);  G--T (0.73)
533,1347 left,5868,5896,8002,8057,2106,1,78,143.9595,0.00979529,9,0.07,27354,5868,A,29530,8044,C,0.73,A--C (95.62);  G--A (3.65);  G--T (0.73)
538,1350 left,4480,4560,4614,4643,54,42,60,146.78812,0.0046674,10,0.08,26007,4521,T,26025,4539,T,0,T--T (95.62);  C--C (4.38)
545,1355 left,4469,4522,4527,4563,5,11,67,151.09797,0.00133792,9,0.07,25965,4479,A,26025,4539,T,100,A--T (95.62);  G--C (4.38)
545,1355 left,4469,4522,4527,4563,5,53,67,151.09797,0.00133792,10,0.08,26007,4521,T,26025,4539,T,0,T--T (95.62);  C--C (4.38)
545,1355 left,4469,4522,4527,4563,5,11,53,151.09797,0.00133792,9,0.07,25965,4479,A,26007,4521,T,100,A--T (95.62);  G--C (4.38)
551,135:binLong:67 left left,6169,6233,6244,6280,11,60,99,177.93212,0.000945277,6,0.03,27711,6225,A,27760,6274,T,99.26,A--T (95.59);  T--A (3.68);  G--G (0.74)
57,1030 left,6915,6993,7463,7531,470,35,104,139.23628,0.0481184,4,0,28435,6949,C,28973,7487,A,0,C--A (94.89);  A--G (5.11)
57,1030 left,6915,6993,7463,7531,470,47,104,139.23628,0.0481184,4,0,28447,6961,A,28973,7487,A,0,A--A (94.89);  G--G (5.11)
57,1030 left,6915,6993,7463,7531,470,35,47,139.23628,0.0481184,4,0,28435,6949,C,28447,6961,A,0,C--A (94.89);  A--G (5.11)
598,1392 left,6696,6753,6757,6794,4,7,27,143.8845,0.0188452,7,0.04,28188,6702,G,28205,6719,C,100,G--C (96.3);  A--T (3.7)
604,1398 left,7174,7219,7316,7406,97,73,132,145.9378,0.0163609,10,0.08,28828,7342,T,28887,7401,C,0,T--C (96.35);  C--A (3.65)
610,13:binLong:25 left left,7033,7074,7333,7405,259,52,111,137.96141,0.00134257,10,0.08,28828,7342,T,28887,7401,C,0,T--C (96.35);  C--A (3.65)
636,1416:binLong:58 left left,5236,5264,5391,5427,127,30,32,134.29788,0.0200158,7,0.04,26877,5391,C,26879,5393,T,2.19,C--T (97.81);  T--G (2.19)
638,1418 left,6363,6398,6405,6457,7,27,82,155.95587,0.0105862,4,0,27875,6389,T,27929,6443,T,0,T--T (98.52);  C--A (1.48)
645,1421 left,328,386,860,934,474,58,80,191.4105,0.00569868,12,0.11,21871,385,C,22366,880,T,0,C--T (95.62);  T--C (3.65);  A--A (0.73)
651,1426:binLong:11 left left,6151,6193,7308,7393,1115,48,81,142.98929,0.0461359,8,0.05,28795,7309,A,28828,7342,T,100,A--T (96.35);  G--C (3.65)
653,1428 left,4460,4518,4526,4585,8,20,73,159.78053,0.00672673,8,0.05,25965,4479,A,26025,4539,T,100,A--T (95.62);  G--C (4.38)
653,1428 left,4460,4518,4526,4585,8,16,100,158.03632,0.0086318,9,0.07,25961,4475,C,26052,4566,T,0,C--T (97.81);  T--C (2.19)
664,1435 left,7701,7741,7985,8053,244,14,107,137.19569,0.00786376,13,0.12,29200,7714,C,29530,8044,C,0,C--C (94.89);  A--A (2.92);  G--A (0.73);  T--C (0.73);  T--T (0.73)
665,1436 left,348,395,828,896,433,38,101,172.70121,0.0171094,16,0.16,21871,385,C,22366,880,T,0,C--T (95.62);  T--C (3.65);  A--A (0.73)
67,1036 left,5318,5399,8125,8160,2726,74,76,127.17624,0.0187303,8,0.05,26877,5391,C,26879,5393,T,2.19,C--T (97.81);  T--G (2.19)
67,1036 left,5318,5399,8125,8160,2726,37,109,124.6924,0.049556,4,0,26840,5354,G,29637,8151,T,94.89,G--T (94.89);  C--C (5.11)
67,1036 left,5318,5399,8125,8160,2726,107,109,124.6924,0.049556,4,0,29635,8149,C,29637,8151,T,0,C--T (94.89);  A--C (5.11)
67,1036 left,5318,5399,8125,8160,2726,37,107,124.6924,0.049556,4,0,26840,5354,G,29635,8149,C,94.89,G--C (94.89);  C--A (5.11)
683,145 left,6810,6857,7515,7624,658,120,121,139.47737,0.0247639,8,0.05,29072,7586,G,29073,7587,C,95.62,G--C (95.62);  C--A (4.38)
712,1472 left,3957,4013,4279,4324,266,72,96,156.69021,0.00174012,8,0.05,25779,4293,T,25803,4317,C,2.19,T--C (97.81);  G--T (2.19)
716,1476 left,6557,6604,6615,6657,11,13,47,156.85267,0.00872548,8,0.05,28055,6569,A,28079,6593,G,0,A--G (97.76);  T--T (1.49);  G--A (0.75)
717,1476:binLong:22 left left,261,279,287,360,8,32,105,154.73728,0.0206834,14,0.13,21785,299,G,21823,337,T,98.52,G--T (97.78);  A--A (1.48);  T--G (0.74)
723,147:binLong:44 left left,7689,7744,7777,7843,33,5,90,147.61928,3.85379e-05,8,0.05,29179,7693,G,29296,7810,C,100,G--C (97.81);  A--T (2.19)
724,148 left,35,81,7635,7685,7554,7,64,104.16037,0.0303188,6,0.03,41,41,T,29131,7645,T,0,T--T (94.96);  C--C (3.36);  ---T (1.68)
725,1480 left,7106,7155,7455,7524,300,15,40,145.76405,2.74354e-12,10,0.08,28606,7120,C,28631,7145,G,96.35,C--G (96.35);  T--T (3.65)
725,1480 left,7106,7155,7455,7524,300,41,83,138.10982,1.03695e-06,4,0,28632,7146,G,28973,7487,A,5.11,G--A (94.89);  C--G (5.11)
725,1480 left,7106,7155,7455,7524,300,55,83,138.10982,1.03695e-06,4,0,28945,7459,T,28973,7487,A,94.89,T--A (94.89);  A--G (5.11)
725,1480 left,7106,7155,7455,7524,300,41,55,138.10982,1.03695e-06,4,0,28632,7146,G,28945,7459,T,94.89,G--T (94.89);  C--A (5.11)
731,1486 left,6361,6392,6416,6455,24,29,64,153.00237,0.000859265,4,0,27875,6389,T,27929,6443,T,0,T--T (98.52);  C--A (1.48)
731,1486 left,6361,6392,6416,6455,24,58,68,126.78967,0.0421333,4,0,27923,6437,C,27933,6447,G,97.78,C--G (96.3);  C--- (1.48);  ---G (0.74);  G--T (0.74);  T--A (0.74)
732,1486:binLong:52 left left,1908,1963,2022,2073,59,14,32,155.55923,0.0246488,10,0.08,23407,1921,T,23425,1939,T,0.73,T--T (98.54);  A--A (0.73);  G--C (0.73)
736,148:binShort:11 left left,6378,6430,6421,6474,-9,12,73,158.9103,0.0135371,4,0,27875,6389,T,27929,6443,T,0,T--T (97.08);  ---- (1.46);  C--A (1.46)
738,149 left,3944,4001,4274,4319,273,78,102,161.4385,0.0446488,9,0.07,25779,4293,T,25803,4317,C,2.19,T--C (97.81);  G--T (2.19)
740,1491 left,5023,5064,5511,5557,447,23,50,146.43748,0.000369119,11,0.09,26528,5042,A,26540,5054,T,100,A--T (96.35);  T--G (3.65)
742,1493 left,353,393,830,883,437,33,92,167.11064,0.0154741,17,0.17,21871,385,C,22366,880,T,0,C--T (95.62);  T--C (3.65);  A--A (0.73)
751,150 left,7005,7069,7235,7295,166,5,18,145.14047,0.00109079,4,0,28495,7009,T,28508,7022,A,100,T--A (96.35);  C--G (3.65)
760,1508 left,3943,4016,4278,4323,262,90,114,157.64777,0.00123409,8,0.05,25779,4293,T,25803,4317,C,2.19,T--C (97.81);  G--T (2.19)
773,1519 left,5263,5303,5317,5366,14,5,58,160.5516,0.00814014,13,0.12,26753,5267,C,26819,5333,T,0,C--T (94.16);  T--C (3.65);  A--A (2.19)
775,152 left,6976,7045,7170,7252,125,19,47,144.13196,0.000215143,10,0.08,28480,6994,A,28508,7022,A,3.65,A--A (96.35);  C--G (3.65)
775,152 left,6976,7045,7170,7252,125,34,47,144.13196,0.000215143,10,0.08,28495,7009,T,28508,7022,A,100,T--A (96.35);  C--G (3.65)
775,152 left,6976,7045,7170,7252,125,19,34,144.13196,0.000215143,10,0.08,28480,6994,A,28495,7009,T,96.35,A--T (96.35);  C--C (3.65)
791,1533 left,4978,5018,5375,5434,357,58,60,133.9064,0.00639816,8,0.05,26877,5391,C,26879,5393,T,2.19,C--T (97.81);  T--G (2.19)
8,1002:binLong:21 left left,5028,5056,5496,5546,440,18,45,145.77834,7.91899e-05,12,0.11,26528,5042,A,26540,5054,T,100,A--T (96.35);  T--G (3.65)
803,1541 left,7352,7398,7534,7618,136,100,101,149.32589,0.0127877,9,0.07,29072,7586,G,29073,7587,C,95.62,G--C (95.62);  C--A (4.38)
811,1549 left,6937,7004,7204,7281,200,37,58,144.34622,0.0493548,6,0.03,28459,6973,A,28480,6994,A,3.65,A--A (96.35);  G--C (3.65)
815,1551 left,5218,5274,5406,5461,132,63,73,131.94864,0.00108562,10,0.08,26897,5411,T,26907,5421,C,0,T--C (95.62);  A--G (2.19);  G--G (1.46);  C--T (0.73)
828,1562 left,5889,5917,6161,6217,244,7,598,141.80068,0.00381168,6,0.03,27381,5895,T,27681,6195,T,0,T--T (96.35);  A--C (3.65)
829,1563 left,7907,7958,7985,8059,27,51,118,138.88502,0.0180126,10,0.08,29443,7957,A,29530,8044,C,0.73,A--C (95.62);  C--A (2.92);  C--T (0.73);  T--A (0.73)
833,1567 left,6985,7042,7449,7527,407,10,38,142.69989,0.000587086,9,0.07,28480,6994,A,28508,7022,A,3.65,A--A (96.35);  C--G (3.65)
833,1567 left,6985,7042,7449,7527,407,25,38,142.69989,0.000587086,9,0.07,28495,7009,T,28508,7022,A,100,T--A (96.35);  C--G (3.65)
833,1567 left,6985,7042,7449,7527,407,10,25,142.69989,0.000587086,10,0.08,28480,6994,A,28495,7009,T,96.35,A--T (96.35);  C--C (3.65)
836,157 left,5298,5379,8112,8159,2733,57,122,119.03354,0.0140656,4,0,26840,5354,G,29637,8151,T,94.89,G--T (94.89);  C--C (5.11)
836,157 left,5298,5379,8112,8159,2733,120,122,119.03354,0.0140656,4,0,29635,8149,C,29637,8151,T,0,C--T (94.89);  A--C (5.11)
836,157 left,5298,5379,8112,8159,2733,57,120,119.03354,0.0140656,4,0,26840,5354,G,29635,8149,C,94.89,G--C (94.89);  C--A (5.11)
84,1047 left,6693,6742,6753,6790,11,3,36,149.83075,0.0334277,10,0.08,28181,6695,T,28211,6725,A,100,T--A (96.3);  A--T (2.96);  C--G (0.74)
845,1578 left,7002,7075,7164,7227,89,8,21,147.08647,0.000676638,10,0.08,28495,7009,T,28508,7022,A,100,T--A (96.35);  C--G (3.65)
857,1587 left,7355,7403,7430,7478,27,39,85,148.74617,0.00626131,6,0.03,28879,7393,T,28951,7465,A,100,T--A (97.81);  C--G (2.19)
860,158:binLong:38 left left,3956,3995,4120,4158,125,3,8,139.41803,9.98727e-08,4,0,25444,3958,G,25449,3963,A,0,G--A (98.54);  A--G (1.46)
861,159 left,5887,5918,6141,6201,223,9,621,140.70987,0.0132763,6,0.03,27381,5895,T,27681,6195,T,0,T--T (96.35);  A--C (3.65)
900,1620 left,6998,7036,7062,7116,26,12,25,137.73988,0.000210236,7,0.04,28495,7009,T,28508,7022,A,100,T--A (96.35);  C--G (3.65)
902,1622 left,6979,7035,7190,7267,155,16,44,145.41199,0.00347996,10,0.08,28480,6994,A,28508,7022,A,3.65,A--A (96.35);  C--G (3.65)
902,1622 left,6979,7035,7190,7267,155,31,44,145.41199,0.00347996,7,0.04,28495,7009,T,28508,7022,A,100,T--A (96.35);  C--G (3.65)
902,1622 left,6979,7035,7190,7267,155,16,31,145.41199,0.00347996,7,0.04,28480,6994,A,28495,7009,T,96.35,A--T (96.35);  C--C (3.65)
905,1625 left,5866,5900,7988,8056,2088,3,629,137.72867,0.0113648,8,0.05,27354,5868,A,29530,8044,C,0.73,A--C (95.62);  G--A (3.65);  G--T (0.73)
911,162:binLong:71 left left,7467,7509,7518,7606,9,112,113,141.63131,0.0160592,8,0.05,29072,7586,G,29073,7587,C,95.62,G--C (95.62);  C--A (4.38)
913,163 left,6991,7040,7027,7099,-13,4,32,134.79134,0.00877925,7,0.04,28480,6994,A,28508,7022,A,3.65,A--A (96.35);  C--G (3.65)
913,163 left,6991,7040,7027,7099,-13,19,32,134.79134,0.00877925,4,0,28495,7009,T,28508,7022,A,100,T--A (96.35);  C--G (3.65)
913,163 left,6991,7040,7027,7099,-13,4,19,134.79134,0.00877925,7,0.04,28480,6994,A,28495,7009,T,96.35,A--T (96.35);  C--C (3.65)
922,1638 left,4499,4564,4609,4657,45,23,41,151.32977,4.73401e-05,9,0.07,26007,4521,T,26025,4539,T,0,T--T (95.62);  C--C (4.38)
925,163:binLong:34 left left,3955,4005,4137,4189,132,4,9,144.10526,0.00490231,4,0,25444,3958,G,25449,3963,A,0,G--A (98.54);  A--G (1.46)
925,163:binLong:34 left left,3955,4005,4137,4189,132,75,101,141.32253,0.0129949,10,0.08,25645,4159,T,25671,4185,C,0,T--C (95.62);  C--T (4.38)
925,163:binLong:34 left left,3955,4005,4137,4189,132,78,101,141.32253,0.0129949,10,0.08,25648,4162,T,25671,4185,C,0,T--C (95.62);  C--T (4.38)
925,163:binLong:34 left left,3955,4005,4137,4189,132,75,78,141.32253,0.0129949,10,0.08,25645,4159,T,25648,4162,T,0,T--T (95.62);  C--C (4.38)
925,163:binLong:34 left left,3955,4005,4137,4189,132,80,89,138.05981,0.0379202,6,0.03,25650,4164,G,25659,4173,A,0.73,G--A (96.35);  A--C (2.92);  T--G (0.73)
934,1646 left,6797,6842,7636,7672,794,26,42,138.60797,0.0190236,6,0.03,28305,6819,A,28321,6835,G,0,A--G (96.35);  G--A (3.65)
939,164:binLong:72 left left,6190,6239,6236,6285,-3,36,85,163.52098,0.000180715,8,0.05,27711,6225,A,27760,6274,T,98.54,A--T (94.89);  T--A (3.65);  ---T (0.73);  G--G (0.73)
954,166 left,4985,5031,5362,5426,331,77,79,134.1912,0.0363384,6,0.03,26877,5391,C,26879,5393,T,2.19,C--T (97.81);  T--G (2.19)
968,1671 left,7379,7420,7441,7497,21,15,67,139.77788,0.000742125,7,0.04,28879,7393,T,28951,7465,A,100,T--A (97.81);  C--G (2.19)
975,1678 left,7690,7738,7926,7977,188,25,81,146.05858,0.0209385,15,0.14,29200,7714,C,29443,7957,A,1.46,C--A (94.89);  A--C (2.92);  G--T (0.73);  T--A (0.73);  T--C (0.73)
991,17 left,6842,6945,7636,7668,691,7,38,146.83715,0.0162782,7,0.04,28334,6848,T,28365,6879,A,96.35,T--A (96.35);  A--G (3.65)
996,172 left,6375,6428,6402,6463,-26,15,76,158.95361,0.00486203,4,0,27875,6389,T,27929,6443,T,0,T--T (97.08);  ---- (1.46);  C--A (1.46)
